batch,sim_id,rank_in_r0,rho_r0,rank_in_migidx,rho_migidx,rank_in_pop,rho_pop
batch_0,0,1,0.8251748251748254,5,0.8181818181818183,2,0.06993006993006995
batch_0,100,3,0.4055944055944056,2,0.7062937062937064,3,0.5664335664335665
batch_0,101,5,0.8671328671328673,8,0.16783216783216784,4,0.3706293706293707
batch_0,102,4,0.006993006993006993,1,0.7342657342657343,3,0.3426573426573427
batch_0,103,7,0.23076923076923078,1,0.8601398601398602,2,0.4755244755244756
batch_0,104,3,-0.3216783216783217,1,0.7342657342657343,4,0.6853146853146854
batch_0,105,5,-0.27272727272727276,4,0.7342657342657343,1,0.7692307692307694
batch_0,106,5,0.034965034965034975,1,0.8531468531468532,4,0.7832167832167832
batch_0,107,4,0.2937062937062937,2,0.8951048951048951,4,0.4895104895104896
batch_0,108,11,0.006993006993006993,2,0.37762237762237766,2,0.5944055944055945
batch_0,109,5,-0.2867132867132868,3,0.6363636363636365,4,0.5594405594405596
batch_0,10,3,0.34965034965034975,1,0.7062937062937064,2,0.6293706293706295
batch_0,110,7,0.2657342657342658,3,0.6643356643356644,1,0.5244755244755246
batch_0,111,3,-0.034965034965034975,1,0.8671328671328673,2,0.18881118881118883
batch_0,112,10,-0.1258741258741259,9,0.4265734265734266,3,0.5664335664335665
batch_0,113,6,0.27272727272727276,2,0.6713286713286714,8,-0.30069930069930073
batch_0,114,2,0.6363636363636365,2,0.7412587412587414,2,0.7412587412587414
batch_0,115,11,-0.6013986013986015,3,0.3636363636363637,2,0.8531468531468532
batch_0,116,1,-0.10489510489510491,1,0.7972027972027973,1,0.7342657342657343
batch_0,117,9,0.3216783216783217,5,0.3846153846153847,2,0.4055944055944056
batch_0,118,10,0.3916083916083916,1,0.7202797202797203,6,0.7552447552447553
batch_0,119,7,0.4755244755244756,1,0.8181818181818183,1,0.7552447552447553
batch_0,11,10,0.17482517482517487,1,0.7132867132867133,2,0.7132867132867133
batch_0,120,1,0.2797202797202798,1,0.8601398601398602,4,0.5734265734265735
batch_0,121,1,0.4685314685314686,1,0.7342657342657343,7,0.6503496503496504
batch_0,122,6,0.4545454545454546,3,0.7972027972027973,3,0.43356643356643365
batch_0,123,1,-0.2027972027972028,9,0.44055944055944063,2,0.5384615384615385
batch_0,124,4,0.06993006993006995,1,0.6993006993006995,2,0.4055944055944056
batch_0,125,6,0.2937062937062937,1,0.5874125874125874,1,0.8461538461538463
batch_0,126,1,0.6503496503496504,9,0.44755244755244755,1,0.2657342657342658
batch_0,127,4,-0.3356643356643357,1,0.7412587412587414,11,0.32867132867132864
batch_0,128,10,-0.6713286713286714,1,0.8811188811188813,3,0.8671328671328673
batch_0,129,1,0.9510489510489512,2,0.5664335664335665,5,0.4685314685314686
batch_0,12,9,-0.055944055944055944,3,0.7342657342657343,2,0.8811188811188813
batch_0,130,7,-0.04895104895104895,1,0.22377622377622378,3,0.8881118881118882
batch_0,131,9,0.34965034965034975,1,0.6153846153846154,1,0.6153846153846154
batch_0,132,3,-0.2027972027972028,3,0.7552447552447553,3,0.8461538461538463
batch_0,133,5,0.4125874125874127,4,0.7692307692307694,2,0.7622377622377624
batch_0,134,8,0.034965034965034975,1,0.22377622377622378,7,0.5244755244755246
batch_0,135,9,-0.6573426573426573,1,0.7062937062937064,4,0.49650349650349657
batch_0,136,12,0.1958041958041958,3,0.6993006993006995,1,0.16083916083916086
batch_0,137,4,-0.14685314685314685,3,0.6433566433566434,2,0.8041958041958043
batch_0,138,8,-0.21678321678321683,4,0.8251748251748254,2,0.6223776223776225
batch_0,139,5,-0.44055944055944063,2,0.7762237762237763,2,0.7202797202797203
batch_0,13,7,0.06993006993006995,6,0.6293706293706295,2,0.7832167832167832
batch_0,140,9,-0.2027972027972028,4,0.7272727272727274,1,0.6013986013986015
batch_0,141,9,0.23076923076923078,3,0.3916083916083916,1,0.5174825174825175
batch_0,142,3,0.5314685314685316,2,0.7132867132867133,2,0.7412587412587414
batch_0,143,8,-0.04895104895104895,1,0.7972027972027973,2,0.30069930069930073
batch_0,144,1,-0.10489510489510491,1,0.7902097902097903,4,0.7342657342657343
batch_0,145,7,-0.04195804195804196,2,0.6153846153846154,9,0.2937062937062937
batch_0,146,2,0.7622377622377624,1,0.3076923076923077,3,0.9160839160839163
batch_0,147,11,-0.3846153846153847,5,0.8181818181818183,1,0.6013986013986015
batch_0,148,9,0.10489510489510491,4,0.6643356643356644,2,0.5454545454545455
batch_0,149,1,0.20979020979020982,3,0.6853146853146854,2,0.7622377622377624
batch_0,14,8,0.006993006993006993,2,0.6153846153846154,4,0.6083916083916086
batch_0,150,3,0.5034965034965035,6,0.3076923076923077,4,0.3916083916083916
batch_0,151,10,0.4895104895104896,3,0.7832167832167832,4,0.8251748251748254
batch_0,152,4,0.14685314685314685,1,0.6013986013986015,9,0.41958041958041964
batch_0,153,5,0.4125874125874127,1,0.4685314685314686,6,0.3636363636363637
batch_0,154,9,-0.6293706293706295,1,0.6363636363636365,9,0.25874125874125875
batch_0,155,10,-0.2517482517482518,2,0.8811188811188813,1,0.7132867132867133
batch_0,156,6,-0.22377622377622378,2,0.5454545454545455,3,0.7552447552447553
batch_0,157,10,0.2027972027972028,1,0.6923076923076924,2,0.8671328671328673
batch_0,158,6,-0.1328671328671329,1,0.5944055944055945,5,0.7062937062937064
batch_0,159,2,0.18881118881118883,3,0.6223776223776225,1,0.8741258741258742
batch_0,15,6,-0.09090909090909093,1,0.6713286713286714,5,0.5104895104895105
batch_0,160,3,-0.2377622377622378,2,0.8951048951048951,2,0.8321678321678322
batch_0,161,2,0.6153846153846154,2,0.4895104895104896,4,0.5244755244755246
batch_0,162,6,0.2657342657342658,1,0.8531468531468532,8,0.2867132867132868
batch_0,163,4,-0.3706293706293707,2,0.8321678321678322,3,0.5874125874125874
batch_0,164,6,-0.006993006993006993,9,0.3216783216783217,1,0.5594405594405596
batch_0,165,5,-0.013986013986013986,7,0.6853146853146854,1,0.3216783216783217
batch_0,166,7,-0.055944055944055944,2,0.6293706293706295,1,0.7272727272727274
batch_0,167,1,0.27272727272727276,2,0.5384615384615385,4,0.6853146853146854
batch_0,168,11,0.27272727272727276,1,0.6923076923076924,5,0.7832167832167832
batch_0,169,2,0.8601398601398602,4,0.027972027972027972,6,-0.06993006993006995
batch_0,16,10,0.2447552447552448,4,0.7062937062937064,3,0.41958041958041964
batch_0,170,5,0.6363636363636365,3,0.3216783216783217,7,0.6083916083916086
batch_0,171,11,-0.49650349650349657,3,0.8671328671328673,1,0.27272727272727276
batch_0,172,2,-0.06293706293706294,3,0.7132867132867133,2,0.8041958041958043
batch_0,173,11,-0.02097902097902098,6,0.6293706293706295,2,0.11188811188811189
batch_0,174,2,0.14685314685314685,8,0.5454545454545455,1,0.7132867132867133
batch_0,175,11,-0.2027972027972028,1,0.7342657342657343,2,0.4265734265734266
batch_0,176,11,0.10489510489510491,1,0.9160839160839163,5,0.6713286713286714
batch_0,177,2,-0.06293706293706294,1,0.8741258741258742,3,0.7972027972027973
batch_0,178,11,-0.08391608391608392,3,0.4825174825174825,1,0.4825174825174825
batch_0,179,1,0.04195804195804196,1,0.7832167832167832,7,0.49650349650349657
batch_0,17,1,0.2867132867132868,1,0.6293706293706295,4,0.35664335664335667
batch_0,180,10,-0.21678321678321683,1,0.8111888111888113,2,0.6433566433566434
batch_0,181,1,0.46153846153846156,2,0.9020979020979022,1,0.8111888111888113
batch_0,182,5,-0.25874125874125875,1,0.9160839160839163,6,0.8041958041958043
batch_0,183,3,0.34965034965034975,2,0.8321678321678322,4,0.5664335664335665
batch_0,184,8,-0.23076923076923078,2,0.6853146853146854,1,0.6573426573426573
batch_0,185,8,-0.34965034965034975,3,0.7552447552447553,5,0.21678321678321683
batch_0,186,9,-0.5874125874125874,2,0.7342657342657343,1,0.6573426573426573
batch_0,187,9,-0.055944055944055944,5,0.4825174825174825,1,0.6853146853146854
batch_0,188,10,0.10489510489510491,1,0.8671328671328673,1,0.6083916083916086
batch_0,189,8,-0.04895104895104895,1,0.7202797202797203,4,0.5944055944055945
batch_0,18,2,0.04195804195804196,4,0.31468531468531474,2,0.5104895104895105
batch_0,190,8,0.3636363636363637,1,0.8951048951048951,3,0.8811188811188813
batch_0,191,6,0.2867132867132868,2,0.6503496503496504,1,0.6643356643356644
batch_0,192,8,0.1188811188811189,3,0.8671328671328673,2,0.6503496503496504
batch_0,193,12,-0.3636363636363637,1,0.5594405594405596,3,0.7062937062937064
batch_0,194,4,0.1328671328671329,2,0.8181818181818183,2,0.49650349650349657
batch_0,195,3,-0.10489510489510491,2,0.6713286713286714,2,0.7972027972027973
batch_0,196,2,0.7482517482517484,3,0.43356643356643365,3,0.39860139860139865
batch_0,197,3,0.6713286713286714,1,0.5244755244755246,4,0.6573426573426573
batch_0,198,7,0.2027972027972028,1,0.7552447552447553,2,0.6223776223776225
batch_0,199,12,-0.013986013986013986,1,0.8041958041958043,3,0.7552447552447553
batch_0,19,1,0.2937062937062937,2,0.3356643356643357,6,0.6503496503496504
batch_0,1,5,0.1258741258741259,4,0.3706293706293707,1,0.6643356643356644
batch_0,200,1,-0.1258741258741259,1,0.7132867132867133,1,0.7972027972027973
batch_0,201,3,0.5314685314685316,4,0.31468531468531474,1,0.49650349650349657
batch_0,202,11,-0.23076923076923078,1,0.7762237762237763,2,0.5384615384615385
batch_0,203,9,-0.41958041958041964,3,0.7342657342657343,1,0.7342657342657343
batch_0,204,8,0.2657342657342658,1,0.6573426573426573,5,0.6503496503496504
batch_0,205,11,-0.5314685314685316,1,0.8881118881118882,8,0.7202797202797203
batch_0,206,1,0.9020979020979022,4,0.18881118881118883,2,0.8671328671328673
batch_0,207,1,0.8111888111888113,1,0.5874125874125874,4,0.3636363636363637
batch_0,208,1,0.2447552447552448,2,0.7622377622377624,4,0.34965034965034975
batch_0,209,6,0.3356643356643357,1,0.6853146853146854,2,0.8461538461538463
batch_0,20,4,0.6083916083916086,4,0.7062937062937064,1,0.22377622377622378
batch_0,210,9,0.4895104895104896,1,0.37762237762237766,4,0.41958041958041964
batch_0,211,11,-0.17482517482517487,1,0.5454545454545455,4,0.7832167832167832
batch_0,212,10,-0.6643356643356644,2,0.6783216783216784,2,0.5524475524475525
batch_0,213,9,-0.18181818181818185,4,0.7132867132867133,1,0.3636363636363637
batch_0,214,11,-0.5734265734265735,1,0.8181818181818183,5,0.6363636363636365
batch_0,215,7,0.5384615384615385,1,0.6083916083916086,6,0.3916083916083916
batch_0,216,1,0.965034965034965,7,0.3846153846153847,1,0.16783216783216784
batch_0,217,9,-0.2797202797202798,3,0.7272727272727274,4,0.4265734265734266
batch_0,218,12,0.17482517482517487,2,0.9370629370629372,1,0.6713286713286714
batch_0,219,2,0.5034965034965035,1,0.7622377622377624,3,0.7902097902097903
batch_0,21,2,0.4755244755244756,1,0.8811188811188813,1,0.7482517482517484
batch_0,220,3,0.07692307692307693,1,0.8461538461538463,7,0.4685314685314686
batch_0,221,11,0.034965034965034975,4,0.5384615384615385,4,0.5104895104895105
batch_0,222,12,0.006993006993006993,2,0.2797202797202798,1,0.7902097902097903
batch_0,223,11,-0.5174825174825175,1,0.8391608391608393,4,0.5314685314685316
batch_0,224,6,-0.02097902097902098,2,0.8041958041958043,7,0.5454545454545455
batch_0,225,2,0.31468531468531474,1,0.8181818181818183,9,0.31468531468531474
batch_0,226,3,0.9510489510489512,1,0.6643356643356644,4,-0.17482517482517487
batch_0,227,2,0.7832167832167832,3,0.49650349650349657,7,0.4265734265734266
batch_0,228,12,-0.4265734265734266,2,0.6853146853146854,4,0.4825174825174825
batch_0,229,2,0.5594405594405596,2,0.4685314685314686,1,0.9300699300699302
batch_0,22,10,-0.43356643356643365,2,0.7832167832167832,3,0.7272727272727274
batch_0,230,1,0.5874125874125874,1,0.5524475524475525,8,0.15384615384615385
batch_0,231,8,0.0979020979020979,7,0.5734265734265735,1,0.7832167832167832
batch_0,232,11,-0.2657342657342658,1,0.8391608391608393,10,0.3846153846153847
batch_0,233,3,0.6503496503496504,1,0.46153846153846156,2,0.32867132867132864
batch_0,234,1,0.5314685314685316,2,0.4545454545454546,5,0.5104895104895105
batch_0,235,10,0.14685314685314685,1,0.5454545454545455,4,0.4755244755244756
batch_0,236,9,0.034965034965034975,1,0.41958041958041964,5,0.44755244755244755
batch_0,237,5,0.49650349650349657,1,0.46153846153846156,4,0.7272727272727274
batch_0,238,3,0.4125874125874127,2,0.5594405594405596,2,0.6433566433566434
batch_0,239,7,0.3846153846153847,1,0.7622377622377624,2,0.49650349650349657
batch_0,23,6,0.055944055944055944,1,0.6993006993006995,2,0.6433566433566434
batch_0,240,5,0.3216783216783217,2,0.5874125874125874,3,0.4895104895104896
batch_0,241,5,0.6083916083916086,2,0.8181818181818183,3,0.5174825174825175
batch_0,242,1,-0.20979020979020982,1,0.9160839160839163,4,0.8601398601398602
batch_0,243,6,0.2517482517482518,1,0.6503496503496504,5,0.7552447552447553
batch_0,244,8,-0.6643356643356644,2,0.8811188811188813,1,0.7482517482517484
batch_0,245,5,-0.1958041958041958,2,0.8951048951048951,1,0.8111888111888113
batch_0,246,2,0.7762237762237763,1,0.7132867132867133,1,0.4685314685314686
batch_0,247,10,-0.14685314685314685,3,0.31468531468531474,2,0.7412587412587414
batch_0,248,5,-0.20979020979020982,1,0.7832167832167832,2,0.6013986013986015
batch_0,249,11,0.1328671328671329,1,0.8741258741258742,2,0.8111888111888113
batch_0,24,10,-0.10489510489510491,8,0.30069930069930073,1,0.3426573426573427
batch_0,25,3,0.1258741258741259,3,0.7342657342657343,5,0.2517482517482518
batch_0,26,12,-0.46153846153846156,1,0.8531468531468532,1,0.2517482517482518
batch_0,27,1,0.8461538461538463,6,0.44055944055944063,1,0.7482517482517484
batch_0,28,8,-0.37762237762237766,2,0.7552447552447553,1,0.8251748251748254
batch_0,29,1,0.07692307692307693,1,0.6013986013986015,1,0.8461538461538463
batch_0,2,5,0.6503496503496504,5,0.7832167832167832,1,0.6293706293706295
batch_0,30,4,-0.013986013986013986,4,0.7202797202797203,2,0.5384615384615385
batch_0,31,11,-0.11188811188811189,1,0.7622377622377624,2,0.7552447552447553
batch_0,32,11,0.1188811188811189,1,0.7902097902097903,2,0.8531468531468532
batch_0,33,8,0.22377622377622378,1,0.6223776223776225,4,0.6993006993006995
batch_0,34,1,0.5454545454545455,1,0.7202797202797203,5,0.7832167832167832
batch_0,35,5,0.4685314685314686,1,0.8391608391608393,4,0.5174825174825175
batch_0,36,5,0.4265734265734266,3,0.6643356643356644,1,0.4755244755244756
batch_0,37,9,-0.1188811188811189,4,0.7272727272727274,2,0.6433566433566434
batch_0,38,1,0.5734265734265735,4,0.18881118881118883,5,0.4265734265734266
batch_0,39,3,0.3216783216783217,3,0.8671328671328673,2,0.5594405594405596
batch_0,3,3,0.5594405594405596,2,0.8181818181818183,4,0.7412587412587414
batch_0,40,5,-0.04895104895104895,2,0.7902097902097903,3,0.6783216783216784
batch_0,41,10,-0.1188811188811189,2,0.7622377622377624,4,0.5314685314685316
batch_0,42,2,0.5664335664335665,4,0.4685314685314686,1,0.7342657342657343
batch_0,43,2,0.3076923076923077,1,0.9160839160839163,5,0.7622377622377624
batch_0,44,9,0.16783216783216784,1,0.7272727272727274,3,0.7622377622377624
batch_0,45,5,0.23076923076923078,1,0.9510489510489512,1,0.8441343943477072
batch_0,46,4,0.6713286713286714,9,-0.10489510489510491,1,0.7202797202797203
batch_0,47,5,0.31468531468531474,1,0.7902097902097903,4,0.4895104895104896
batch_0,48,8,-0.06293706293706294,3,0.41958041958041964,2,0.46153846153846156
batch_0,49,6,0.7902097902097903,1,0.1958041958041958,7,-0.21678321678321683
batch_0,4,2,0.5314685314685316,1,0.3916083916083916,7,0.6573426573426573
batch_0,50,5,0.27272727272727276,1,0.5104895104895105,2,0.6643356643356644
batch_0,51,7,0.20979020979020982,5,0.3916083916083916,4,0.7202797202797203
batch_0,52,10,0.15384615384615385,4,0.6223776223776225,1,0.6923076923076924
batch_0,53,5,-0.02097902097902098,1,0.8181818181818183,7,0.4755244755244756
batch_0,54,4,-0.2517482517482518,2,0.7972027972027973,6,0.3916083916083916
batch_0,55,4,0.5944055944055945,6,0.46153846153846156,5,0.4545454545454546
batch_0,56,8,0.22377622377622378,1,0.7552447552447553,2,0.5524475524475525
batch_0,57,1,0.3426573426573427,1,0.6223776223776225,2,0.6013986013986015
batch_0,58,4,0.2797202797202798,3,0.7622377622377624,3,0.7692307692307694
batch_0,59,3,0.16783216783216784,1,0.7552447552447553,1,0.6783216783216784
batch_0,5,12,-0.46153846153846156,2,0.5734265734265735,4,0.2447552447552448
batch_0,60,11,0.14685314685314685,3,0.5664335664335665,1,0.44055944055944063
batch_0,61,5,0.8881118881118882,2,-0.1258741258741259,1,0.22377622377622378
batch_0,62,1,0.5874125874125874,1,0.5314685314685316,4,0.5524475524475525
batch_0,63,11,0.3076923076923077,3,0.8321678321678322,1,0.18881118881118883
batch_0,64,9,-0.1258741258741259,3,0.6853146853146854,2,0.7832167832167832
batch_0,65,2,0.3426573426573427,3,0.7972027972027973,1,0.2027972027972028
batch_0,66,7,0.3846153846153847,1,0.8251748251748254,2,0.6223776223776225
batch_0,67,9,-0.09090909090909093,4,0.5874125874125874,2,0.7412587412587414
batch_0,68,8,0.18181818181818185,3,0.8321678321678322,2,0.6853146853146854
batch_0,69,6,-0.1398601398601399,2,0.6293706293706295,2,0.31468531468531474
batch_0,6,2,0.5244755244755246,8,0.2027972027972028,2,0.32867132867132864
batch_0,70,11,0.3426573426573427,3,0.8321678321678322,1,0.7692307692307694
batch_0,71,11,-0.5944055944055945,3,0.7132867132867133,2,0.3706293706293707
batch_0,72,5,-0.14685314685314685,2,0.5174825174825175,6,0.3426573426573427
batch_0,73,6,0.20979020979020982,2,0.8461538461538463,2,0.8041958041958043
batch_0,74,7,-0.2867132867132868,1,0.8251748251748254,3,0.7132867132867133
batch_0,75,2,0.2377622377622378,2,0.8251748251748254,8,0.5218922189120679
batch_0,76,8,-0.3216783216783217,3,0.8041958041958043,1,0.5384615384615385
batch_0,77,5,-0.08391608391608392,2,0.8111888111888113,2,0.6503496503496504
batch_0,78,4,-0.22377622377622378,4,0.7342657342657343,3,0.23076923076923078
batch_0,79,1,0.4825174825174825,1,0.6573426573426573,6,0.3706293706293707
batch_0,7,6,-0.25874125874125875,3,0.5594405594405596,4,0.43356643356643365
batch_0,80,12,-0.5874125874125874,1,0.6923076923076924,8,0.6783216783216784
batch_0,81,12,-0.3846153846153847,1,0.7692307692307694,1,0.7762237762237763
batch_0,82,1,0.7972027972027973,2,0.8391608391608393,6,-0.5594405594405596
batch_0,83,5,0.6783216783216784,1,0.5594405594405596,2,0.6293706293706295
batch_0,84,5,-0.2937062937062937,1,0.5104895104895105,2,0.6433566433566434
batch_0,85,1,0.1328671328671329,3,0.7762237762237763,3,0.4755244755244756
batch_0,86,6,0.35664335664335667,4,-0.027972027972027972,3,0.5804195804195805
batch_0,87,1,0.5944055944055945,2,0.6713286713286714,1,0.43356643356643365
batch_0,88,4,0.5384615384615385,1,0.6853146853146854,4,0.7482517482517484
batch_0,89,9,-0.4125874125874127,3,0.8111888111888113,1,0.8251748251748254
batch_0,8,2,0.43356643356643365,5,0.5034965034965035,2,0.43356643356643365
batch_0,90,2,0.1398601398601399,1,0.7272727272727274,7,0.34965034965034975
batch_0,91,8,0.0979020979020979,1,0.7412587412587414,3,0.7832167832167832
batch_0,92,10,0.027972027972027972,3,0.8741258741258742,1,0.5384615384615385
batch_0,93,3,0.3216783216783217,2,0.49650349650349657,11,0.39860139860139865
batch_0,94,10,-0.6013986013986015,1,0.9090909090909092,5,0.6993006993006995
batch_0,95,1,0.10489510489510491,1,0.8461538461538463,6,-0.3846153846153847
batch_0,96,11,0.10489510489510491,1,0.7482517482517484,1,0.8041958041958043
batch_0,97,1,0.30069930069930073,1,0.8111888111888113,2,0.7132867132867133
batch_0,98,10,-0.5594405594405596,4,0.7412587412587414,2,0.3916083916083916
batch_0,99,1,-0.11188811188811189,1,0.8111888111888113,7,0.7762237762237763
batch_0,9,6,-0.04195804195804196,2,0.7692307692307694,2,0.23076923076923078
batch_1,0,2,-0.18881118881118883,1,0.7132867132867133,6,0.6293706293706295
batch_1,100,6,0.4055944055944056,1,0.7132867132867133,1,0.7412587412587414
batch_1,101,9,0.5524475524475525,2,0.7132867132867133,1,0.2517482517482518
batch_1,102,6,0.013986013986013986,1,0.7342657342657343,4,0.2797202797202798
batch_1,103,7,0.3216783216783217,1,0.8321678321678322,2,0.5734265734265735
batch_1,104,9,0.2377622377622378,1,0.8531468531468532,2,0.9160839160839163
batch_1,105,4,0.3216783216783217,2,0.6153846153846154,1,0.7622377622377624
batch_1,106,6,0.27272727272727276,1,0.7412587412587414,4,0.34965034965034975
batch_1,107,1,0.6503496503496504,5,0.43356643356643365,1,0.7622377622377624
batch_1,108,1,-0.013986013986013986,2,0.6993006993006995,2,0.5314685314685316
batch_1,109,3,0.2377622377622378,1,0.7972027972027973,4,0.5944055944055945
batch_1,10,5,-0.4545454545454546,5,0.4755244755244756,2,0.6783216783216784
batch_1,110,3,-0.3636363636363637,1,0.7762237762237763,7,0.3916083916083916
batch_1,111,1,0.7482517482517484,6,0.5314685314685316,5,0.4265734265734266
batch_1,112,3,-0.0979020979020979,3,0.3846153846153847,4,0.6783216783216784
batch_1,113,7,0.6853146853146854,1,0.5034965034965035,3,0.034965034965034975
batch_1,114,10,0.2027972027972028,6,0.8041958041958043,2,0.5944055944055945
batch_1,115,6,0.5174825174825175,1,0.9160839160839163,4,0.3846153846153847
batch_1,116,1,0.35664335664335667,8,0.6153846153846154,1,0.6503496503496504
batch_1,117,3,0.034965034965034975,1,0.5314685314685316,3,0.4685314685314686
batch_1,118,1,0.3216783216783217,1,0.8461538461538463,7,0.3916083916083916
batch_1,119,2,0.7272727272727274,1,0.3916083916083916,1,0.7552447552447553
batch_1,11,2,-0.006993006993006993,1,0.6923076923076924,2,0.6783216783216784
batch_1,120,3,0.7902097902097903,1,0.5664335664335665,6,0.15384615384615385
batch_1,121,3,0.7202797202797203,5,0.4895104895104896,1,0.7762237762237763
batch_1,122,11,0.2027972027972028,1,0.7552447552447553,9,0.22377622377622378
batch_1,123,4,-0.4755244755244756,3,0.8321678321678322,2,0.6223776223776225
batch_1,124,2,0.8811188811188813,5,0.006993006993006993,6,-0.0979020979020979
batch_1,125,5,0.4685314685314686,1,0.5244755244755246,5,0.5314685314685316
batch_1,126,5,0.04195804195804196,7,0.3706293706293707,1,0.6293706293706295
batch_1,127,4,0.10489510489510491,5,0.37762237762237766,3,0.7132867132867133
batch_1,128,4,0.3356643356643357,7,0.6993006993006995,1,0.30069930069930073
batch_1,129,2,0.1328671328671329,1,0.49650349650349657,3,0.7692307692307694
batch_1,12,10,-0.055944055944055944,1,0.6083916083916086,5,0.7342657342657343
batch_1,130,1,0.32867132867132864,4,0.8251748251748254,2,0.43356643356643365
batch_1,131,8,0.055944055944055944,3,0.6923076923076924,2,0.41958041958041964
batch_1,132,11,-0.4265734265734266,1,0.5664335664335665,1,0.7902097902097903
batch_1,133,2,0.6083916083916086,8,0.0979020979020979,4,0.4125874125874127
batch_1,134,4,0.21678321678321683,1,0.8321678321678322,1,0.7972027972027973
batch_1,135,10,-0.18881118881118883,1,0.7062937062937064,9,0.10489510489510491
batch_1,136,5,0.2027972027972028,4,0.34965034965034975,1,0.8041958041958043
batch_1,137,5,-0.4055944055944056,1,0.6293706293706295,3,0.8741258741258742
batch_1,138,5,0.14685314685314685,4,0.7482517482517484,1,0.7132867132867133
batch_1,139,7,-0.11188811188811189,1,0.7482517482517484,4,0.6993006993006995
batch_1,13,7,0.16083916083916086,1,0.8391608391608393,1,0.7972027972027973
batch_1,140,3,0.3426573426573427,2,0.5314685314685316,1,0.6013986013986015
batch_1,141,7,0.7062937062937064,1,0.6853146853146854,3,0.5384615384615385
batch_1,142,9,-0.07692307692307693,1,0.8811188811188813,5,0.5314685314685316
batch_1,143,6,-0.2027972027972028,3,0.5944055944055945,3,0.6503496503496504
batch_1,144,6,-0.1188811188811189,1,0.7692307692307694,5,0.6293706293706295
batch_1,145,2,0.22377622377622378,1,0.9160839160839163,6,0.5664335664335665
batch_1,146,1,0.6083916083916086,1,0.37762237762237766,7,0.6153846153846154
batch_1,147,8,0.25874125874125875,2,0.7202797202797203,8,0.2937062937062937
batch_1,148,3,0.6643356643356644,1,0.5664335664335665,1,0.3706293706293707
batch_1,149,2,0.4685314685314686,1,0.5034965034965035,8,0.4825174825174825
batch_1,14,9,0.30069930069930073,3,0.6923076923076924,1,0.7552447552447553
batch_1,150,8,-0.44055944055944063,4,0.6293706293706295,2,0.4685314685314686
batch_1,151,6,-0.1258741258741259,2,0.8741258741258742,1,0.7692307692307694
batch_1,152,2,0.2377622377622378,2,0.8881118881118882,5,0.5734265734265735
batch_1,153,9,0.2797202797202798,1,0.6153846153846154,5,0.8391608391608393
batch_1,154,4,0.3636363636363637,2,0.6713286713286714,7,0.17482517482517487
batch_1,155,2,0.7412587412587414,2,0.4825174825174825,9,0.1188811188811189
batch_1,156,1,0.8951048951048951,5,0.0979020979020979,11,-0.3356643356643357
batch_1,157,4,-0.027972027972027972,4,0.7972027972027973,1,0.4895104895104896
batch_1,158,6,0.18881118881118883,3,0.7622377622377624,2,0.43356643356643365
batch_1,159,6,0.6713286713286714,4,-0.04195804195804196,6,0.04195804195804196
batch_1,15,5,-0.4055944055944056,4,0.9020979020979022,1,0.5314685314685316
batch_1,160,11,-0.4055944055944056,2,0.6853146853146854,1,0.8811188811188813
batch_1,161,1,0.6083916083916086,5,0.43356643356643365,1,0.4685314685314686
batch_1,162,7,-0.25874125874125875,1,0.4755244755244756,4,0.8111888111888113
batch_1,163,3,0.27272727272727276,1,0.7762237762237763,7,0.034965034965034975
batch_1,164,5,-0.2517482517482518,1,0.8391608391608393,3,0.44755244755244755
batch_1,165,9,0.27272727272727276,1,0.7762237762237763,2,0.7482517482517484
batch_1,166,6,-0.08391608391608392,3,0.6993006993006995,1,0.6713286713286714
batch_1,167,1,0.8741258741258742,5,0.8041958041958043,1,0.7202797202797203
batch_1,168,2,0.2377622377622378,2,0.8531468531468532,2,0.8531468531468532
batch_1,169,1,0.46153846153846156,3,0.6923076923076924,5,0.2027972027972028
batch_1,16,3,0.6083916083916086,2,0.8391608391608393,1,0.7972027972027973
batch_1,170,9,-0.2027972027972028,1,0.6643356643356644,8,0.6293706293706295
batch_1,171,5,0.027972027972027972,2,0.6993006993006995,2,0.7552447552447553
batch_1,172,4,-0.21678321678321683,1,0.7482517482517484,6,0.5804195804195805
batch_1,173,1,0.6223776223776225,1,0.6433566433566434,9,0.2447552447552448
batch_1,174,9,-0.5594405594405596,2,0.4545454545454546,5,0.2447552447552448
batch_1,175,11,-0.4055944055944056,3,0.35664335664335667,1,0.5454545454545455
batch_1,176,6,-0.2027972027972028,3,0.7832167832167832,1,0.4755244755244756
batch_1,177,3,0.1958041958041958,2,0.6923076923076924,3,0.7342657342657343
batch_1,178,8,-0.49650349650349657,3,0.9160839160839163,4,0.006993006993006993
batch_1,179,3,0.5804195804195805,1,0.8741258741258742,8,0.4125874125874127
batch_1,17,1,0.7412587412587414,2,0.2027972027972028,2,0.5874125874125874
batch_1,180,2,0.44055944055944063,4,0.7202797202797203,3,0.7552447552447553
batch_1,181,1,0.1958041958041958,1,0.7482517482517484,6,0.7482517482517484
batch_1,182,3,0.07692307692307693,1,0.7902097902097903,7,0.034965034965034975
batch_1,183,5,0.7272727272727274,1,0.6993006993006995,6,0.3216783216783217
batch_1,184,6,0.5034965034965035,1,0.6993006993006995,6,0.31468531468531474
batch_1,185,9,0.5804195804195805,1,0.30069930069930073,7,0.49650349650349657
batch_1,186,5,0.3356643356643357,7,0.39860139860139865,2,0.5734265734265735
batch_1,187,6,0.2937062937062937,1,0.6643356643356644,6,0.34965034965034975
batch_1,188,2,0.4825174825174825,1,0.6153846153846154,5,0.8041958041958043
batch_1,189,10,-0.055944055944055944,1,0.7972027972027973,5,0.6433566433566434
batch_1,18,6,0.41958041958041964,1,0.8811188811188813,1,0.5034965034965035
batch_1,190,4,-0.07692307692307693,1,0.6923076923076924,6,0.39860139860139865
batch_1,191,6,0.1258741258741259,5,0.6363636363636365,1,0.5874125874125874
batch_1,192,7,0.3916083916083916,2,0.7132867132867133,2,0.7482517482517484
batch_1,193,1,0.6223776223776225,1,0.7482517482517484,2,0.5944055944055945
batch_1,194,12,0.1258741258741259,1,0.6153846153846154,8,0.6223776223776225
batch_1,195,4,-0.2027972027972028,1,0.7832167832167832,2,0.9300699300699302
batch_1,196,6,0.027972027972027972,2,0.2797202797202798,6,0.5034965034965035
batch_1,197,4,0.2657342657342658,1,0.5314685314685316,4,0.9160839160839163
batch_1,198,2,0.22377622377622378,1,0.8531468531468532,9,-0.16083916083916086
batch_1,199,7,0.20979020979020982,6,0.22377622377622378,1,0.46153846153846156
batch_1,19,7,0.1188811188811189,2,0.8881118881118882,5,0.6573426573426573
batch_1,1,6,0.5384615384615385,2,0.8391608391608393,1,0.7692307692307694
batch_1,200,8,-0.44055944055944063,3,0.7062937062937064,4,0.5804195804195805
batch_1,201,3,0.06293706293706294,1,0.8111888111888113,3,0.39860139860139865
batch_1,202,2,0.5104895104895105,1,0.7762237762237763,2,0.5874125874125874
batch_1,203,4,0.5034965034965035,2,0.8321678321678322,1,0.3636363636363637
batch_1,204,6,-0.055944055944055944,1,0.5174825174825175,4,0.6853146853146854
batch_1,205,5,0.23076923076923078,4,0.44055944055944063,2,0.44055944055944063
batch_1,206,4,-0.1258741258741259,2,0.9020979020979022,7,0.4895104895104896
batch_1,207,1,0.5384615384615385,3,0.6153846153846154,3,0.9020979020979022
batch_1,208,6,0.055944055944055944,1,0.6783216783216784,7,0.7272727272727274
batch_1,209,2,0.2377622377622378,2,0.6503496503496504,4,0.7342657342657343
batch_1,20,3,0.2867132867132868,2,0.6433566433566434,6,0.37762237762237766
batch_1,210,4,0.3426573426573427,3,0.6713286713286714,2,0.6363636363636365
batch_1,211,2,-0.1328671328671329,1,0.5944055944055945,10,0.2377622377622378
batch_1,212,2,0.06993006993006995,1,0.8111888111888113,3,0.8601398601398602
batch_1,213,9,-0.2027972027972028,1,0.7342657342657343,4,0.7132867132867133
batch_1,214,5,0.0979020979020979,1,0.9090909090909092,1,0.5664335664335665
batch_1,215,6,0.6713286713286714,1,0.8741258741258742,2,0.7132867132867133
batch_1,216,10,-0.04895104895104895,5,0.6923076923076924,2,0.6503496503496504
batch_1,217,8,0.034965034965034975,1,0.9370629370629372,4,0.8251748251748254
batch_1,218,1,0.4755244755244756,3,0.6573426573426573,4,0.4895104895104896
batch_1,219,10,-0.46153846153846156,1,0.5524475524475525,2,0.8601398601398602
batch_1,21,1,0.4055944055944056,2,0.6853146853146854,10,-0.04895104895104895
batch_1,220,2,0.5804195804195805,2,0.6713286713286714,2,0.6503496503496504
batch_1,221,1,0.8321678321678322,4,0.2447552447552448,10,0.16083916083916086
batch_1,222,3,0.6853146853146854,4,0.5804195804195805,2,0.7062937062937064
batch_1,223,2,0.2377622377622378,1,0.8111888111888113,3,0.6923076923076924
batch_1,224,9,-0.07692307692307693,2,0.8111888111888113,7,0.3706293706293707
batch_1,225,1,0.44055944055944063,2,0.6153846153846154,1,0.7412587412587414
batch_1,226,1,0.6993006993006995,3,0.5664335664335665,6,-0.22377622377622378
batch_1,227,6,-0.2447552447552448,4,0.6643356643356644,3,0.30069930069930073
batch_1,228,5,0.8461538461538463,4,0.30069930069930073,4,0.3846153846153847
batch_1,229,10,0.1958041958041958,6,0.2937062937062937,1,0.7762237762237763
batch_1,22,2,-0.18181818181818185,3,0.9020979020979022,1,0.9160839160839163
batch_1,230,2,0.44755244755244755,5,0.7552447552447553,2,0.10489510489510491
batch_1,231,5,0.41958041958041964,1,0.7762237762237763,3,0.7412587412587414
batch_1,232,7,0.6013986013986015,1,0.7132867132867133,2,0.6573426573426573
batch_1,233,10,-0.5944055944055945,4,0.8041958041958043,1,0.3216783216783217
batch_1,234,7,0.1188811188811189,1,0.9090909090909092,11,0.15384615384615385
batch_1,235,6,0.3916083916083916,3,0.2517482517482518,1,0.5734265734265735
batch_1,236,7,0.18881118881118883,2,0.7832167832167832,2,0.3076923076923077
batch_1,237,1,0.9580419580419581,3,0.4685314685314686,4,0.6573426573426573
batch_1,238,7,-0.21678321678321683,1,0.8041958041958043,6,0.7832167832167832
batch_1,239,2,0.965034965034965,7,0.21678321678321683,3,0.3916083916083916
batch_1,23,6,0.5104895104895105,1,0.6293706293706295,1,0.7482517482517484
batch_1,240,7,0.013986013986013986,1,0.6853146853146854,5,0.3426573426573427
batch_1,241,6,0.4685314685314686,1,0.9580419580419581,5,0.11188811188811189
batch_1,242,3,0.0979020979020979,1,0.7762237762237763,5,0.5104895104895105
batch_1,243,3,0.44755244755244755,1,0.6363636363636365,4,0.4755244755244756
batch_1,244,9,-0.20979020979020982,2,0.7762237762237763,6,0.5314685314685316
batch_1,245,1,0.9160839160839163,3,0.5524475524475525,1,0.43356643356643365
batch_1,246,1,0.41958041958041964,2,0.7132867132867133,3,0.7202797202797203
batch_1,247,7,0.2797202797202798,7,0.6153846153846154,2,0.4685314685314686
batch_1,248,9,0.1328671328671329,4,0.5594405594405596,1,0.7762237762237763
batch_1,249,3,0.7552447552447553,1,0.5734265734265735,1,0.7482517482517484
batch_1,24,5,-0.3636363636363637,1,0.5034965034965035,1,0.6013986013986015
batch_1,25,1,-0.034965034965034975,6,0.32867132867132864,1,0.7552447552447553
batch_1,26,10,0.1328671328671329,1,0.8811188811188813,10,-0.1398601398601399
batch_1,27,4,0.2517482517482518,1,0.7272727272727274,2,0.8251748251748254
batch_1,28,8,0.4125874125874127,1,0.8041958041958043,2,0.7412587412587414
batch_1,29,7,0.1188811188811189,1,0.7272727272727274,2,0.43356643356643365
batch_1,2,2,0.49650349650349657,5,0.34965034965034975,4,0.4685314685314686
batch_1,30,2,-0.21678321678321683,1,0.8321678321678322,6,0.4125874125874127
batch_1,31,3,0.6433566433566434,1,0.7342657342657343,4,0.6713286713286714
batch_1,32,2,-0.11188811188811189,2,0.8391608391608393,1,0.6713286713286714
batch_1,33,6,-0.0979020979020979,2,0.7832167832167832,3,0.6363636363636365
batch_1,34,7,-0.027972027972027972,2,0.8391608391608393,3,0.4055944055944056
batch_1,35,4,0.46153846153846156,2,0.7622377622377624,4,0.6573426573426573
batch_1,36,3,0.32867132867132864,1,0.8601398601398602,9,0.5594405594405596
batch_1,37,10,0.34965034965034975,2,0.7062937062937064,4,0.2797202797202798
batch_1,38,3,-0.07692307692307693,2,0.7342657342657343,4,0.7622377622377624
batch_1,39,3,0.2867132867132868,2,0.7762237762237763,1,0.7832167832167832
batch_1,3,1,-0.1258741258741259,2,0.6153846153846154,3,0.8391608391608393
batch_1,40,2,0.034965034965034975,2,0.7482517482517484,5,0.41958041958041964
batch_1,41,4,0.07692307692307693,3,0.8461538461538463,1,0.5244755244755246
batch_1,42,3,-0.08391608391608392,6,0.7762237762237763,1,0.6643356643356644
batch_1,43,11,-0.08391608391608392,1,0.7272727272727274,7,0.2377622377622378
batch_1,44,5,0.5874125874125874,1,0.5594405594405596,7,0.5174825174825175
batch_1,45,4,0.8531468531468532,8,0.37762237762237766,4,-0.3076923076923077
batch_1,46,12,0.07692307692307693,1,0.2657342657342658,1,0.7762237762237763
batch_1,47,4,-0.18881118881118883,1,0.8111888111888113,1,0.8531468531468532
batch_1,48,9,-0.04195804195804196,2,0.8041958041958043,2,0.7552447552447553
batch_1,49,3,-0.23076923076923078,5,0.6293706293706295,3,0.7412587412587414
batch_1,4,4,0.5454545454545455,4,0.5174825174825175,6,0.4055944055944056
batch_1,50,4,0.34965034965034975,1,0.9300699300699302,1,0.3916083916083916
batch_1,51,2,0.2517482517482518,3,0.4825174825174825,1,0.7202797202797203
batch_1,52,7,-0.23076923076923078,1,0.8111888111888113,6,0.5174825174825175
batch_1,53,11,-0.2447552447552448,1,0.6153846153846154,1,0.6853146853146854
batch_1,54,6,0.6293706293706295,3,0.7972027972027973,1,0.4125874125874127
batch_1,55,10,-0.2377622377622378,4,0.31468531468531474,1,0.7832167832167832
batch_1,56,5,-0.16083916083916086,1,0.6363636363636365,1,0.7692307692307694
batch_1,57,5,0.3426573426573427,5,0.06293706293706294,1,0.6713286713286714
batch_1,58,5,0.21678321678321683,2,0.7762237762237763,3,0.31468531468531474
batch_1,59,2,0.7762237762237763,1,0.4265734265734266,1,0.37762237762237766
batch_1,5,2,-0.27272727272727276,1,0.6923076923076924,1,0.6503496503496504
batch_1,60,4,-0.14685314685314685,1,0.9370629370629372,4,0.5524475524475525
batch_1,61,8,-0.1958041958041958,2,0.7762237762237763,5,0.06993006993006995
batch_1,62,2,0.21678321678321683,5,0.5314685314685316,2,0.5874125874125874
batch_1,63,1,0.32867132867132864,6,0.3706293706293707,3,0.4265734265734266
batch_1,64,5,-0.09090909090909093,3,0.5174825174825175,1,0.6503496503496504
batch_1,65,6,-0.08391608391608392,1,0.7482517482517484,2,0.5454545454545455
batch_1,66,8,-0.6923076923076924,1,0.7902097902097903,1,0.7762237762237763
batch_1,67,10,0.2027972027972028,1,0.7132867132867133,1,0.7482517482517484
batch_1,68,11,-0.06993006993006995,2,0.7622377622377624,2,0.6713286713286714
batch_1,69,6,0.5034965034965035,3,0.6993006993006995,4,-0.04895104895104895
batch_1,6,4,0.2867132867132868,1,0.6153846153846154,2,0.4125874125874127
batch_1,70,8,-0.34965034965034975,1,0.8181818181818183,3,0.7622377622377624
batch_1,71,1,0.4125874125874127,1,0.8601398601398602,12,0.034965034965034975
batch_1,72,4,0.44755244755244755,1,0.7412587412587414,6,0.6083916083916086
batch_1,73,10,0.1258741258741259,2,0.7202797202797203,8,0.4685314685314686
batch_1,74,5,0.5874125874125874,1,0.6503496503496504,5,0.6153846153846154
batch_1,75,8,0.35664335664335667,3,0.6153846153846154,3,0.6083916083916086
batch_1,76,5,0.027972027972027972,1,0.7902097902097903,3,0.43356643356643365
batch_1,77,11,-0.034965034965034975,2,0.9090909090909092,2,0.5734265734265735
batch_1,78,2,0.0,1,0.7622377622377624,1,0.44055944055944063
batch_1,79,7,-0.055944055944055944,1,0.7972027972027973,1,0.6363636363636365
batch_1,7,3,0.2867132867132868,1,0.6713286713286714,2,0.4125874125874127
batch_1,80,3,0.4125874125874127,1,0.8251748251748254,5,0.3216783216783217
batch_1,81,9,0.1398601398601399,2,0.7972027972027973,1,0.5944055944055945
batch_1,82,8,-0.5034965034965035,1,0.7412587412587414,2,0.6993006993006995
batch_1,83,4,0.31468531468531474,6,0.3356643356643357,1,0.8531468531468532
batch_1,84,1,0.43356643356643365,2,0.5384615384615385,3,0.5664335664335665
batch_1,85,7,0.5874125874125874,2,0.4265734265734266,2,0.6993006993006995
batch_1,86,4,-0.08391608391608392,1,0.5244755244755246,4,0.7062937062937064
batch_1,87,10,-0.006993006993006993,5,0.5734265734265735,1,0.6013986013986015
batch_1,88,1,0.5384615384615385,3,0.8041958041958043,1,0.9090909090909092
batch_1,89,8,0.3636363636363637,10,0.41958041958041964,1,0.5314685314685316
batch_1,8,4,0.44755244755244755,3,0.8041958041958043,4,0.22377622377622378
batch_1,90,3,0.31468531468531474,1,0.44055944055944063,7,0.41958041958041964
batch_1,91,8,-0.04895104895104895,1,0.9090909090909092,9,-0.1958041958041958
batch_1,92,5,0.16083916083916086,2,0.8181818181818183,2,0.6783216783216784
batch_1,93,2,0.08391608391608392,1,0.8321678321678322,1,0.6363636363636365
batch_1,94,12,-0.055944055944055944,2,0.4265734265734266,1,0.6503496503496504
batch_1,95,9,0.4755244755244756,1,0.7552447552447553,1,0.9020979020979022
batch_1,96,12,-0.5034965034965035,1,0.6713286713286714,2,0.5454545454545455
batch_1,97,8,0.1188811188811189,2,0.6923076923076924,2,0.6433566433566434
batch_1,98,11,0.1188811188811189,3,0.6923076923076924,1,0.6783216783216784
batch_1,99,9,0.1398601398601399,1,0.5454545454545455,1,0.7132867132867133
batch_1,9,4,0.6503496503496504,1,0.7692307692307694,7,0.27272727272727276
batch_10,0,9,-0.06293706293706294,1,0.8391608391608393,2,0.6083916083916086
batch_10,100,1,0.7062937062937064,8,0.5594405594405596,2,0.7552447552447553
batch_10,101,10,0.04195804195804196,1,0.6573426573426573,5,0.5384615384615385
batch_10,102,1,0.25874125874125875,4,0.7412587412587414,2,0.6503496503496504
batch_10,103,6,0.3706293706293707,1,0.6713286713286714,1,0.7202797202797203
batch_10,104,9,-0.08391608391608392,2,0.8391608391608393,4,0.43356643356643365
batch_10,105,4,-0.09090909090909093,4,0.7622377622377624,2,-0.04895104895104895
batch_10,106,6,0.8671328671328673,2,0.7412587412587414,1,0.6573426573426573
batch_10,107,6,0.22377622377622378,1,0.7832167832167832,1,0.27272727272727276
batch_10,108,2,0.6083916083916086,1,0.8041958041958043,2,0.7762237762237763
batch_10,109,10,0.2867132867132868,3,0.5454545454545455,1,0.4685314685314686
batch_10,10,1,0.6223776223776225,1,0.7202797202797203,2,0.7902097902097903
batch_10,110,12,-0.37762237762237766,2,0.9020979020979022,4,0.4265734265734266
batch_10,111,5,0.41958041958041964,1,0.7622377622377624,9,0.46153846153846156
batch_10,112,10,-0.6433566433566434,2,0.6503496503496504,3,0.8111888111888113
batch_10,113,11,-0.0979020979020979,1,0.5944055944055945,4,0.5734265734265735
batch_10,114,10,-0.3636363636363637,3,0.6573426573426573,1,0.7552447552447553
batch_10,115,1,-0.027972027972027972,1,0.7132867132867133,2,0.7692307692307694
batch_10,116,1,-0.2027972027972028,2,0.5034965034965035,5,0.6153846153846154
batch_10,117,1,0.6713286713286714,4,0.3636363636363637,5,0.2447552447552448
batch_10,118,3,0.027972027972027972,4,0.27272727272727276,4,0.8671328671328673
batch_10,119,1,0.4755244755244756,2,0.7342657342657343,1,0.7832167832167832
batch_10,11,6,0.14685314685314685,4,0.8321678321678322,1,0.6643356643356644
batch_10,120,1,-0.18881118881118883,1,0.6573426573426573,3,0.8321678321678322
batch_10,121,8,0.18181818181818185,1,0.6783216783216784,4,0.6993006993006995
batch_10,122,7,0.7132867132867133,1,0.8321678321678322,2,0.5244755244755246
batch_10,123,4,0.30069930069930073,9,0.16783216783216784,1,0.5874125874125874
batch_10,124,6,-0.3846153846153847,1,0.7062937062937064,7,0.4125874125874127
batch_10,125,2,0.3636363636363637,3,0.8111888111888113,4,0.4125874125874127
batch_10,126,7,0.3846153846153847,2,0.8111888111888113,2,0.5874125874125874
batch_10,127,6,-0.22377622377622378,3,0.4755244755244756,5,0.7062937062937064
batch_10,128,1,0.7972027972027973,2,0.20979020979020982,10,0.3356643356643357
batch_10,129,2,0.16783216783216784,2,0.7202797202797203,4,0.8041958041958043
batch_10,12,1,0.7342657342657343,2,0.1398601398601399,5,0.3846153846153847
batch_10,130,1,0.46153846153846156,3,0.6363636363636365,1,0.5664335664335665
batch_10,131,1,0.06993006993006995,4,0.6433566433566434,2,0.4545454545454546
batch_10,132,3,0.7902097902097903,1,0.8391608391608393,6,0.2657342657342658
batch_10,133,9,0.1258741258741259,1,0.7062937062937064,10,0.4125874125874127
batch_10,134,8,-0.1188811188811189,2,0.7272727272727274,8,0.3426573426573427
batch_10,135,7,0.2517482517482518,1,0.8391608391608393,2,0.7902097902097903
batch_10,136,8,-0.3356643356643357,1,0.8531468531468532,5,0.6783216783216784
batch_10,137,4,0.0,6,0.7132867132867133,2,0.3706293706293707
batch_10,138,11,0.07692307692307693,1,0.8741258741258742,1,0.7692307692307694
batch_10,139,11,0.08391608391608392,2,0.8601398601398602,5,0.23076923076923078
batch_10,13,1,0.7132867132867133,5,0.6783216783216784,3,0.5734265734265735
batch_10,140,6,0.1258741258741259,3,0.8671328671328673,1,0.7342657342657343
batch_10,141,5,0.3846153846153847,1,0.6783216783216784,1,0.6013986013986015
batch_10,142,5,0.5104895104895105,2,0.49650349650349657,5,0.49650349650349657
batch_10,143,8,0.3426573426573427,2,0.7412587412587414,8,0.11188811188811189
batch_10,144,5,0.04895104895104895,1,0.8881118881118882,5,0.6013986013986015
batch_10,145,1,0.7412587412587414,1,0.7692307692307694,2,0.46153846153846156
batch_10,146,2,0.7692307692307694,2,0.6083916083916086,4,0.46153846153846156
batch_10,147,4,-0.013986013986013986,2,0.8251748251748254,5,-0.04195804195804196
batch_10,148,1,-0.04895104895104895,2,0.7482517482517484,5,0.4125874125874127
batch_10,149,4,0.0,2,0.7832167832167832,1,0.7692307692307694
batch_10,14,3,-0.16783216783216784,3,0.8601398601398602,3,0.6713286713286714
batch_10,150,1,0.4545454545454546,1,0.7482517482517484,2,0.8881118881118882
batch_10,151,3,0.04195804195804196,3,0.8321678321678322,4,0.7412587412587414
batch_10,152,3,0.013986013986013986,1,0.6853146853146854,3,0.7902097902097903
batch_10,153,10,-0.055944055944055944,1,0.6433566433566434,6,0.7552447552447553
batch_10,154,7,-0.2937062937062937,1,0.4755244755244756,2,0.9160839160839163
batch_10,155,4,-0.16083916083916086,2,0.6503496503496504,3,0.8741258741258742
batch_10,156,11,0.17482517482517487,6,0.7132867132867133,1,0.0
batch_10,157,4,0.9020979020979022,1,0.5874125874125874,2,0.34965034965034975
batch_10,158,4,0.8181818181818183,1,-0.30069930069930073,10,0.5034965034965035
batch_10,159,6,0.2867132867132868,2,0.9160839160839163,4,0.9160839160839163
batch_10,15,11,0.09090909090909093,2,0.7202797202797203,2,0.27272727272727276
batch_10,160,3,0.17482517482517487,3,0.7832167832167832,6,0.18881118881118883
batch_10,161,1,0.6923076923076924,7,0.3426573426573427,5,0.49650349650349657
batch_10,162,7,-0.3846153846153847,1,0.6083916083916086,10,-0.06993006993006995
batch_10,163,1,0.1398601398601399,4,0.8811188811188813,1,0.3216783216783217
batch_10,164,11,0.16783216783216784,1,0.9230769230769231,8,0.2867132867132868
batch_10,165,4,0.6923076923076924,1,0.14685314685314685,5,0.6433566433566434
batch_10,166,10,0.10489510489510491,2,0.8391608391608393,5,0.5524475524475525
batch_10,167,6,0.3076923076923077,2,0.6923076923076924,1,0.9580419580419581
batch_10,168,9,-0.18881118881118883,3,0.31468531468531474,7,0.44055944055944063
batch_10,169,8,0.2937062937062937,1,0.6083916083916086,4,0.6223776223776225
batch_10,16,4,0.7832167832167832,3,0.16783216783216784,3,0.5104895104895105
batch_10,170,8,0.4545454545454546,2,0.2517482517482518,2,0.6013986013986015
batch_10,171,4,-0.1398601398601399,2,0.8881118881118882,1,0.5804195804195805
batch_10,172,2,0.7412587412587414,2,0.7972027972027973,5,0.7132867132867133
batch_10,173,12,-0.5244755244755246,1,0.8111888111888113,1,0.9510489510489512
batch_10,174,9,-0.3216783216783217,2,0.8601398601398602,4,0.5524475524475525
batch_10,175,4,-0.04195804195804196,4,0.34965034965034975,3,0.8181818181818183
batch_10,176,1,0.21678321678321683,1,0.7132867132867133,5,0.20979020979020982
batch_10,177,10,-0.25874125874125875,1,0.44755244755244755,6,0.4825174825174825
batch_10,178,7,-0.10489510489510491,2,0.9370629370629372,1,0.6153846153846154
batch_10,179,4,0.6993006993006995,1,0.49650349650349657,3,0.16783216783216784
batch_10,17,11,-0.2517482517482518,1,0.7272727272727274,1,0.5034965034965035
batch_10,180,10,0.16783216783216784,1,0.44055944055944063,2,0.7762237762237763
batch_10,181,4,0.32867132867132864,4,0.7202797202797203,2,0.25874125874125875
batch_10,182,2,0.4685314685314686,4,0.6993006993006995,3,0.6643356643356644
batch_10,183,2,0.2797202797202798,1,0.6433566433566434,5,0.4825174825174825
batch_10,184,5,0.2657342657342658,1,0.35664335664335667,4,0.7482517482517484
batch_10,185,7,0.6573426573426573,1,0.6713286713286714,3,0.7762237762237763
batch_10,186,8,-0.30069930069930073,3,0.3706293706293707,2,0.6923076923076924
batch_10,187,4,0.2027972027972028,1,0.6643356643356644,3,0.6083916083916086
batch_10,188,4,-0.1258741258741259,1,0.9440559440559443,1,0.7692307692307694
batch_10,189,3,0.49650349650349657,1,0.8531468531468532,2,0.6713286713286714
batch_10,18,2,-0.17482517482517487,1,0.6783216783216784,4,0.44055944055944063
batch_10,190,2,0.49650349650349657,2,0.7762237762237763,1,0.5874125874125874
batch_10,191,7,-0.18881118881118883,2,0.7482517482517484,5,0.4895104895104896
batch_10,192,3,0.7342657342657343,1,0.8601398601398602,2,0.6783216783216784
batch_10,193,2,0.6573426573426573,3,0.9020979020979022,1,0.7972027972027973
batch_10,194,5,-0.3846153846153847,2,0.5594405594405596,1,0.7902097902097903
batch_10,195,5,0.23076923076923078,1,0.8321678321678322,4,0.9160839160839163
batch_10,196,10,-0.21678321678321683,2,0.4825174825174825,2,0.8391608391608393
batch_10,197,2,0.3916083916083916,2,0.7272727272727274,9,0.11188811188811189
batch_10,198,3,0.7132867132867133,7,0.11188811188811189,1,0.4895104895104896
batch_10,199,6,-0.30069930069930073,1,0.7622377622377624,3,0.6713286713286714
batch_10,19,11,-0.1328671328671329,1,0.5874125874125874,7,0.6643356643356644
batch_10,1,4,0.6363636363636365,3,0.4265734265734266,8,0.4825174825174825
batch_10,200,9,0.07692307692307693,1,0.5804195804195805,2,0.4685314685314686
batch_10,201,1,0.3216783216783217,5,0.5804195804195805,8,-0.2657342657342658
batch_10,202,6,0.5034965034965035,1,0.44055944055944063,7,0.4685314685314686
batch_10,203,1,0.46153846153846156,9,0.1398601398601399,2,0.7552447552447553
batch_10,204,4,0.4265734265734266,2,0.6923076923076924,7,0.5664335664335665
batch_10,205,7,0.10489510489510491,2,0.8461538461538463,2,0.6083916083916086
batch_10,206,11,-0.08391608391608392,4,0.7482517482517484,3,0.6643356643356644
batch_10,207,3,0.8321678321678322,2,0.5384615384615385,1,0.7692307692307694
batch_10,208,7,-0.027972027972027972,3,0.6853146853146854,3,0.6643356643356644
batch_10,209,1,0.6573426573426573,1,0.8391608391608393,2,0.9090909090909092
batch_10,20,6,-0.3706293706293707,1,0.8601398601398602,1,0.44055944055944063
batch_10,210,6,0.30069930069930073,1,0.6293706293706295,7,0.3916083916083916
batch_10,211,1,0.04895104895104895,2,0.8601398601398602,3,0.8951048951048951
batch_10,212,1,0.6643356643356644,1,0.6923076923076924,1,0.7622377622377624
batch_10,213,1,0.4755244755244756,1,0.7692307692307694,1,0.4545454545454546
batch_10,214,3,0.6993006993006995,2,0.6853146853146854,3,0.6013986013986015
batch_10,215,5,-0.1958041958041958,1,0.6783216783216784,1,0.9020979020979022
batch_10,216,7,-0.2027972027972028,5,0.7412587412587414,1,0.6223776223776225
batch_10,217,1,0.22377622377622378,1,0.7972027972027973,1,0.46153846153846156
batch_10,218,4,0.5664335664335665,1,0.7972027972027973,6,0.7552447552447553
batch_10,219,1,0.21678321678321683,1,0.6923076923076924,6,0.6573426573426573
batch_10,21,5,-0.02097902097902098,1,0.8181818181818183,12,-0.06993006993006995
batch_10,220,11,-0.16783216783216784,1,0.8321678321678322,5,0.8391608391608393
batch_10,221,4,0.11188811188811189,6,0.5594405594405596,3,0.4755244755244756
batch_10,222,4,0.006993006993006993,1,0.7482517482517484,8,0.5244755244755246
batch_10,223,3,-0.1258741258741259,2,0.7202797202797203,4,0.5734265734265735
batch_10,224,4,0.18881118881118883,1,0.5944055944055945,6,0.49650349650349657
batch_10,225,7,0.10489510489510491,2,0.5034965034965035,1,0.7972027972027973
batch_10,226,4,0.5594405594405596,3,0.1328671328671329,8,0.31468531468531474
batch_10,227,10,-0.07692307692307693,1,0.9300699300699302,1,0.6153846153846154
batch_10,228,5,0.30069930069930073,1,0.6083916083916086,5,0.5664335664335665
batch_10,229,6,-0.1258741258741259,2,0.7832167832167832,4,0.6153846153846154
batch_10,22,8,-0.16083916083916086,4,0.5384615384615385,2,0.8321678321678322
batch_10,230,4,-0.06993006993006995,2,0.35664335664335667,3,0.7972027972027973
batch_10,231,4,0.14685314685314685,4,0.18881118881118883,1,0.8251748251748254
batch_10,232,1,-0.034965034965034975,1,0.9160839160839163,4,0.8461538461538463
batch_10,233,2,0.3706293706293707,1,0.9580419580419581,5,0.6503496503496504
batch_10,234,8,0.14685314685314685,3,0.44055944055944063,2,0.4265734265734266
batch_10,235,1,0.34965034965034975,2,0.6713286713286714,2,0.7692307692307694
batch_10,236,2,0.8461538461538463,11,0.0,2,0.3426573426573427
batch_10,237,6,0.4755244755244756,1,0.5524475524475525,3,0.7762237762237763
batch_10,238,4,0.013986013986013986,5,0.6993006993006995,1,0.6643356643356644
batch_10,239,7,-0.08391608391608392,1,0.7692307692307694,5,0.7622377622377624
batch_10,23,1,0.41958041958041964,1,0.5664335664335665,3,0.8391608391608393
batch_10,240,8,-0.2797202797202798,4,0.7622377622377624,4,0.5734265734265735
batch_10,241,7,0.4125874125874127,1,0.4545454545454546,3,0.6993006993006995
batch_10,242,11,-0.1958041958041958,2,0.9370629370629372,1,0.43356643356643365
batch_10,243,6,0.6083916083916086,2,0.5454545454545455,4,0.5944055944055945
batch_10,244,3,0.3076923076923077,9,0.43356643356643365,3,0.4825174825174825
batch_10,245,4,-0.2517482517482518,3,0.8461538461538463,4,0.43356643356643365
batch_10,246,10,0.16783216783216784,1,0.7692307692307694,1,0.5804195804195805
batch_10,247,12,0.06993006993006995,4,0.6783216783216784,2,0.7972027972027973
batch_10,248,9,0.23076923076923078,2,0.7132867132867133,2,0.1188811188811189
batch_10,249,1,0.3356643356643357,3,0.7972027972027973,1,0.7272727272727274
batch_10,24,8,0.43356643356643365,3,0.7902097902097903,1,0.7902097902097903
batch_10,25,7,-0.5244755244755246,5,0.7062937062937064,2,0.7972027972027973
batch_10,26,5,0.31468531468531474,3,0.7762237762237763,1,0.013986013986013986
batch_10,27,3,0.2517482517482518,1,0.6643356643356644,2,0.3846153846153847
batch_10,28,11,-0.3076923076923077,2,0.7202797202797203,1,0.6923076923076924
batch_10,29,8,0.04895104895104895,1,0.7552447552447553,3,0.8321678321678322
batch_10,2,1,0.44055944055944063,3,0.7552447552447553,1,0.7202797202797203
batch_10,30,7,0.06293706293706294,1,0.5524475524475525,7,0.2867132867132868
batch_10,31,7,0.25874125874125875,1,0.9090909090909092,3,0.4265734265734266
batch_10,32,12,-0.17482517482517487,1,0.6433566433566434,10,0.2447552447552448
batch_10,33,9,-0.04195804195804196,1,0.9090909090909092,8,0.4685314685314686
batch_10,34,11,-0.2027972027972028,1,0.5874125874125874,4,0.5314685314685316
batch_10,35,2,0.4055944055944056,1,0.6993006993006995,1,0.7062937062937064
batch_10,36,6,0.15384615384615385,6,0.6573426573426573,3,0.3916083916083916
batch_10,37,9,-0.4545454545454546,1,0.6153846153846154,6,0.7972027972027973
batch_10,38,6,0.14685314685314685,3,0.8531468531468532,2,0.46153846153846156
batch_10,39,6,0.5734265734265735,2,0.6853146853146854,5,0.49650349650349657
batch_10,3,5,0.34965034965034975,4,0.7062937062937064,1,0.2377622377622378
batch_10,40,3,0.44755244755244755,1,0.9020979020979022,11,0.17482517482517487
batch_10,41,4,0.39860139860139865,4,0.49650349650349657,2,0.6853146853146854
batch_10,42,3,0.3636363636363637,1,0.7272727272727274,2,0.8041958041958043
batch_10,43,9,0.5594405594405596,3,0.5454545454545455,1,0.10489510489510491
batch_10,44,6,0.30069930069930073,3,0.8601398601398602,3,0.6083916083916086
batch_10,45,11,0.30069930069930073,1,0.8111888111888113,1,-0.006993006993006993
batch_10,46,6,-0.30069930069930073,1,0.7272727272727274,1,0.8461538461538463
batch_10,47,12,-0.2937062937062937,1,0.9510489510489512,3,0.7622377622377624
batch_10,48,1,0.6083916083916086,1,0.8601398601398602,2,0.5104895104895105
batch_10,49,4,0.32867132867132864,3,0.7062937062937064,6,-0.013986013986013986
batch_10,4,3,0.1258741258741259,4,0.20979020979020982,7,0.43356643356643365
batch_10,50,3,0.5804195804195805,2,0.7692307692307694,2,0.6153846153846154
batch_10,51,2,-0.034965034965034975,1,0.8811188811188813,2,0.8461538461538463
batch_10,52,9,-0.44055944055944063,2,0.6223776223776225,7,0.20979020979020982
batch_10,53,5,-0.02097902097902098,2,0.7482517482517484,5,0.5454545454545455
batch_10,54,7,-0.1258741258741259,1,0.7552447552447553,10,0.2447552447552448
batch_10,55,10,0.41958041958041964,1,0.6083916083916086,2,0.6993006993006995
batch_10,56,1,0.46153846153846156,4,0.5524475524475525,3,0.1188811188811189
batch_10,57,4,0.4545454545454546,1,0.18881118881118883,6,0.7762237762237763
batch_10,58,12,-0.5874125874125874,1,0.9580419580419581,4,0.7552447552447553
batch_10,59,2,0.18881118881118883,4,0.1958041958041958,2,0.5944055944055945
batch_10,5,4,0.3426573426573427,2,0.6923076923076924,5,0.30069930069930073
batch_10,60,5,0.23076923076923078,1,0.5874125874125874,2,0.8321678321678322
batch_10,61,4,0.16783216783216784,2,0.7412587412587414,3,0.8531468531468532
batch_10,62,3,0.02097902097902098,1,0.6573426573426573,5,0.6153846153846154
batch_10,63,3,0.5664335664335665,1,0.8391608391608393,8,0.32867132867132864
batch_10,64,9,-0.1398601398601399,2,-0.02097902097902098,4,0.6223776223776225
batch_10,65,8,-0.1958041958041958,1,0.6153846153846154,4,0.6923076923076924
batch_10,66,6,0.16783216783216784,1,0.9090909090909092,3,0.9510489510489512
batch_10,67,3,0.2867132867132868,3,0.6503496503496504,1,0.8181818181818183
batch_10,68,6,-0.20979020979020982,3,0.6293706293706295,3,0.5734265734265735
batch_10,69,9,-0.06293706293706294,1,0.7902097902097903,1,0.4895104895104896
batch_10,6,4,0.7762237762237763,3,-0.04895104895104895,4,0.7342657342657343
batch_10,70,12,0.22377622377622378,1,0.6713286713286714,4,0.6853146853146854
batch_10,71,6,0.1258741258741259,1,0.1188811188811189,7,0.6363636363636365
batch_10,72,8,-0.4685314685314686,1,0.8601398601398602,2,0.6993006993006995
batch_10,73,1,0.1958041958041958,4,0.7972027972027973,2,0.9020979020979022
batch_10,74,7,-0.7202797202797203,1,0.6783216783216784,7,0.44055944055944063
batch_10,75,9,0.027972027972027972,2,0.7482517482517484,4,0.4895104895104896
batch_10,76,10,-0.16783216783216784,4,0.8391608391608393,2,0.5174825174825175
batch_10,77,4,0.6153846153846154,1,0.6643356643356644,2,0.35664335664335667
batch_10,78,1,0.2867132867132868,1,0.8181818181818183,7,0.4755244755244756
batch_10,79,10,0.09090909090909093,9,0.15384615384615385,1,0.7342657342657343
batch_10,7,4,0.8251748251748254,7,-0.02097902097902098,3,0.23076923076923078
batch_10,80,8,-0.10489510489510491,1,0.8671328671328673,11,0.37762237762237766
batch_10,81,9,-0.3706293706293707,10,0.5664335664335665,1,0.5594405594405596
batch_10,82,1,0.20979020979020982,4,0.37762237762237766,2,0.8671328671328673
batch_10,83,6,-0.1958041958041958,6,0.7832167832167832,1,0.7762237762237763
batch_10,84,3,0.25874125874125875,1,0.6153846153846154,10,0.4125874125874127
batch_10,85,1,-0.31468531468531474,2,0.8951048951048951,4,0.6783216783216784
batch_10,86,8,-0.5174825174825175,2,0.6993006993006995,8,0.37762237762237766
batch_10,87,2,0.49650349650349657,2,0.37762237762237766,5,0.2797202797202798
batch_10,88,2,0.44055944055944063,4,0.7202797202797203,1,0.6853146853146854
batch_10,89,6,-0.06993006993006995,1,0.7762237762237763,5,0.7902097902097903
batch_10,8,9,0.23076923076923078,1,0.7412587412587414,7,0.02097902097902098
batch_10,90,9,0.2517482517482518,4,0.6363636363636365,1,0.7902097902097903
batch_10,91,5,-0.49650349650349657,2,0.46153846153846156,1,0.7552447552447553
batch_10,92,7,0.0,6,0.5244755244755246,1,0.5384615384615385
batch_10,93,2,0.9230769230769231,2,0.4685314685314686,3,0.15384615384615385
batch_10,94,12,-0.49650349650349657,1,0.6993006993006995,1,0.5034965034965035
batch_10,95,12,-0.3356643356643357,1,0.6643356643356644,8,0.4825174825174825
batch_10,96,1,0.32867132867132864,3,0.7762237762237763,3,0.5314685314685316
batch_10,97,1,0.9020979020979022,6,0.02097902097902098,11,0.08391608391608392
batch_10,98,6,0.7412587412587414,1,0.7132867132867133,4,0.3636363636363637
batch_10,99,12,-0.04195804195804196,5,0.8111888111888113,1,0.32867132867132864
batch_10,9,6,-0.02097902097902098,2,0.8461538461538463,1,0.7062937062937064
batch_11,0,1,0.8601398601398602,1,0.2657342657342658,3,0.5104895104895105
batch_11,100,7,-0.25874125874125875,1,0.43356643356643365,5,0.6433566433566434
batch_11,101,3,0.5244755244755246,1,0.8251748251748254,2,-0.027972027972027972
batch_11,102,6,-0.06293706293706294,2,0.8251748251748254,4,0.32867132867132864
batch_11,103,5,0.08391608391608392,1,0.7692307692307694,5,0.44055944055944063
batch_11,104,5,0.35664335664335667,2,0.7342657342657343,6,0.5944055944055945
batch_11,105,8,0.0979020979020979,3,0.4545454545454546,3,0.7062937062937064
batch_11,106,8,-0.11188811188811189,5,0.7062937062937064,1,0.41958041958041964
batch_11,107,5,0.7342657342657343,2,0.4545454545454546,1,0.4685314685314686
batch_11,108,5,0.09090909090909093,1,0.6013986013986015,2,0.6853146853146854
batch_11,109,4,0.49650349650349657,1,0.7482517482517484,3,0.7902097902097903
batch_11,10,4,0.27272727272727276,1,0.8531468531468532,4,0.5244755244755246
batch_11,110,2,0.9020979020979022,8,0.41958041958041964,1,0.5524475524475525
batch_11,111,11,-0.0979020979020979,3,0.7902097902097903,3,0.7062937062937064
batch_11,112,2,-0.18181818181818185,2,0.7062937062937064,3,0.5244755244755246
batch_11,113,6,0.17482517482517487,2,0.7552447552447553,5,0.49650349650349657
batch_11,114,4,0.23076923076923078,1,0.6433566433566434,2,0.8951048951048951
batch_11,115,2,0.1398601398601399,9,0.5314685314685316,1,0.7482517482517484
batch_11,116,3,0.3636363636363637,3,0.8041958041958043,3,0.5244755244755246
batch_11,117,6,0.6643356643356644,2,0.5174825174825175,2,0.6013986013986015
batch_11,118,5,0.055944055944055944,2,0.9020979020979022,2,0.46153846153846156
batch_11,119,4,0.15384615384615385,1,0.8531468531468532,3,0.7412587412587414
batch_11,11,7,0.16083916083916086,5,0.41958041958041964,1,0.7342657342657343
batch_11,120,4,0.5314685314685316,1,0.6293706293706295,2,0.4545454545454546
batch_11,121,12,0.1188811188811189,1,0.8951048951048951,8,0.6503496503496504
batch_11,122,3,0.7972027972027973,2,0.44055944055944063,1,0.6013986013986015
batch_11,123,3,0.32867132867132864,3,0.6713286713286714,4,0.6293706293706295
batch_11,124,9,-0.1398601398601399,1,0.6013986013986015,5,0.8321678321678322
batch_11,125,4,-0.013986013986013986,1,0.8251748251748254,6,0.16083916083916086
batch_11,126,6,-0.3216783216783217,3,0.9090909090909092,1,0.6783216783216784
batch_11,127,4,0.04195804195804196,1,0.8251748251748254,3,0.7902097902097903
batch_11,128,4,0.8321678321678322,3,0.3706293706293707,5,0.6013986013986015
batch_11,129,11,0.055944055944055944,5,0.8461538461538463,1,0.3356643356643357
batch_11,12,5,0.3216783216783217,1,0.8111888111888113,3,0.39860139860139865
batch_11,130,7,-0.1188811188811189,2,0.8111888111888113,1,0.6153846153846154
batch_11,131,6,0.6223776223776225,1,0.4265734265734266,1,0.49650349650349657
batch_11,132,8,-0.25874125874125875,1,0.8531468531468532,9,0.2867132867132868
batch_11,133,8,-0.04195804195804196,3,0.5384615384615385,2,0.7132867132867133
batch_11,134,7,-0.4265734265734266,2,0.32867132867132864,6,0.6783216783216784
batch_11,135,6,-0.31468531468531474,3,0.8111888111888113,4,0.5944055944055945
batch_11,136,7,-0.20979020979020982,1,0.7622377622377624,2,0.8251748251748254
batch_11,137,10,0.23076923076923078,4,0.7482517482517484,1,0.44755244755244755
batch_11,138,8,0.11188811188811189,1,0.35664335664335667,5,0.5874125874125874
batch_11,139,5,-0.055944055944055944,3,0.7622377622377624,2,0.5174825174825175
batch_11,13,5,0.16083916083916086,4,0.6223776223776225,3,0.6293706293706295
batch_11,140,3,0.6013986013986015,2,0.5734265734265735,6,0.32867132867132864
batch_11,141,7,-0.16783216783216784,1,0.6713286713286714,1,0.7622377622377624
batch_11,142,3,-0.09090909090909093,2,0.8251748251748254,1,0.5454545454545455
batch_11,143,4,0.41958041958041964,3,0.8671328671328673,2,0.013986013986013986
batch_11,144,11,-0.027972027972027972,3,0.6153846153846154,4,0.44755244755244755
batch_11,145,6,0.1188811188811189,4,0.7272727272727274,1,0.5734265734265735
batch_11,146,5,0.5174825174825175,4,0.6293706293706295,1,0.6573426573426573
batch_11,147,9,-0.3636363636363637,3,0.9160839160839163,1,0.7202797202797203
batch_11,148,7,-0.2797202797202798,1,0.7412587412587414,1,0.7902097902097903
batch_11,149,4,-0.2377622377622378,3,0.6013986013986015,2,0.5174825174825175
batch_11,14,7,-0.08391608391608392,1,0.43356643356643365,3,0.8741258741258742
batch_11,150,1,0.7412587412587414,2,0.7552447552447553,1,0.6223776223776225
batch_11,151,3,0.49650349650349657,5,0.3916083916083916,6,0.2937062937062937
batch_11,152,9,-0.006993006993006993,4,0.6153846153846154,3,0.6083916083916086
batch_11,153,11,-0.32867132867132864,1,0.8251748251748254,7,0.3076923076923077
batch_11,154,2,-0.3216783216783217,1,0.6503496503496504,5,0.7622377622377624
batch_11,155,10,-0.2937062937062937,2,0.5524475524475525,1,0.6643356643356644
batch_11,156,2,0.8391608391608393,1,0.1188811188811189,2,0.3636363636363637
batch_11,157,4,0.5804195804195805,3,0.1328671328671329,1,0.6433566433566434
batch_11,158,1,0.8321678321678322,6,0.17482517482517487,1,0.7972027972027973
batch_11,159,8,0.18181818181818185,1,0.9860139860139862,6,-0.2027972027972028
batch_11,15,11,-0.04195804195804196,1,0.6363636363636365,3,0.8391608391608393
batch_11,160,9,0.16083916083916086,1,0.6363636363636365,1,0.7622377622377624
batch_11,161,10,0.013986013986013986,1,0.5174825174825175,1,0.8531468531468532
batch_11,162,2,0.7342657342657343,3,0.25874125874125875,1,0.7552447552447553
batch_11,163,8,0.09090909090909093,3,0.5874125874125874,2,0.8041958041958043
batch_11,164,2,0.2797202797202798,3,0.7062937062937064,2,0.7412587412587414
batch_11,165,10,-0.2797202797202798,2,0.8671328671328673,7,0.32867132867132864
batch_11,166,5,0.2797202797202798,4,0.7832167832167832,2,0.5174825174825175
batch_11,167,4,-0.16083916083916086,5,0.8601398601398602,1,0.6783216783216784
batch_11,168,8,-0.22377622377622378,2,0.21678321678321683,5,0.3636363636363637
batch_11,169,3,0.18181818181818185,1,0.7342657342657343,1,0.6293706293706295
batch_11,16,1,0.5384615384615385,2,0.5384615384615385,8,0.0979020979020979
batch_11,170,4,0.1188811188811189,1,0.8531468531468532,3,0.4125874125874127
batch_11,171,4,-0.10489510489510491,3,0.8741258741258742,2,0.3916083916083916
batch_11,172,3,0.1398601398601399,4,0.7272727272727274,3,0.5104895104895105
batch_11,173,8,-0.27272727272727276,2,0.6503496503496504,1,0.7482517482517484
batch_11,174,7,0.1958041958041958,4,0.7272727272727274,3,0.34965034965034975
batch_11,175,5,-0.10489510489510491,5,0.6853146853146854,2,0.6783216783216784
batch_11,176,6,0.7132867132867133,10,0.2867132867132868,1,0.5804195804195805
batch_11,177,10,-0.2027972027972028,2,0.7062937062937064,4,0.6643356643356644
batch_11,178,1,0.6853146853146854,1,0.6433566433566434,5,0.2377622377622378
batch_11,179,5,0.4055944055944056,1,0.7972027972027973,6,0.4755244755244756
batch_11,17,5,0.2657342657342658,2,0.7902097902097903,1,0.6013986013986015
batch_11,180,2,0.11188811188811189,1,0.8461538461538463,1,0.8251748251748254
batch_11,181,3,0.43356643356643365,2,0.6433566433566434,4,0.6013986013986015
batch_11,182,11,-0.18181818181818185,2,0.8181818181818183,2,0.6083916083916086
batch_11,183,1,0.2027972027972028,1,0.7622377622377624,1,0.7412587412587414
batch_11,184,4,0.2517482517482518,3,0.5594405594405596,3,0.6713286713286714
batch_11,185,1,0.5244755244755246,1,0.6923076923076924,5,0.7692307692307694
batch_11,186,3,0.34965034965034975,2,0.6993006993006995,2,0.7132867132867133
batch_11,187,1,0.9720279720279721,3,0.04195804195804196,2,0.2027972027972028
batch_11,188,11,-0.11188811188811189,1,0.7202797202797203,6,0.18181818181818185
batch_11,189,5,-0.16083916083916086,1,0.5734265734265735,1,0.7552447552447553
batch_11,18,11,0.0,2,0.8881118881118882,1,0.6993006993006995
batch_11,190,4,0.43356643356643365,1,0.32867132867132864,1,0.5664335664335665
batch_11,191,3,0.3846153846153847,2,-0.006993006993006993,5,0.6923076923076924
batch_11,192,1,0.4755244755244756,1,0.7692307692307694,3,0.6923076923076924
batch_11,193,4,0.7202797202797203,3,0.3916083916083916,7,0.30069930069930073
batch_11,194,2,0.0979020979020979,6,0.5874125874125874,2,0.7972027972027973
batch_11,195,6,-0.18181818181818185,4,0.5174825174825175,2,0.5524475524475525
batch_11,196,10,-0.2867132867132868,1,0.5594405594405596,1,0.7482517482517484
batch_11,197,4,0.5244755244755246,2,0.7202797202797203,7,0.11188811188811189
batch_11,198,11,0.0,3,0.7972027972027973,7,-0.15384615384615385
batch_11,199,1,0.27272727272727276,1,0.7062937062937064,4,0.6363636363636365
batch_11,19,1,0.1398601398601399,3,0.7412587412587414,2,0.7202797202797203
batch_11,1,2,0.9090909090909092,1,0.6993006993006995,8,-0.09090909090909093
batch_11,200,4,0.20979020979020982,4,0.8251748251748254,1,0.41958041958041964
batch_11,201,5,0.6363636363636365,3,0.4685314685314686,8,0.04195804195804196
batch_11,202,9,0.10489510489510491,1,0.9160839160839163,1,0.04895104895104895
batch_11,203,5,0.3636363636363637,3,0.6643356643356644,1,0.2517482517482518
batch_11,204,12,0.034965034965034975,1,0.7972027972027973,9,-0.034965034965034975
batch_11,205,6,0.0,2,0.6293706293706295,4,0.7202797202797203
batch_11,206,4,0.2797202797202798,1,0.5454545454545455,3,0.6923076923076924
batch_11,207,3,0.6923076923076924,6,0.34965034965034975,1,0.30069930069930073
batch_11,208,3,0.18181818181818185,1,0.8671328671328673,1,0.8041958041958043
batch_11,209,12,-0.2027972027972028,1,0.7482517482517484,5,0.5034965034965035
batch_11,20,3,0.6573426573426573,1,0.5034965034965035,3,0.7132867132867133
batch_11,210,2,0.16083916083916086,4,0.7902097902097903,7,0.5944055944055945
batch_11,211,10,0.2447552447552448,4,0.8461538461538463,1,0.4755244755244756
batch_11,212,7,0.3426573426573427,1,0.44755244755244755,6,0.7202797202797203
batch_11,213,6,-0.18881118881118883,2,0.8741258741258742,3,0.5034965034965035
batch_11,214,1,0.6783216783216784,1,0.5594405594405596,7,-0.3216783216783217
batch_11,215,6,-0.16783216783216784,1,0.7272727272727274,1,0.44055944055944063
batch_11,216,8,-0.18881118881118883,1,0.7202797202797203,2,0.7552447552447553
batch_11,217,6,-0.06293706293706294,4,0.5314685314685316,1,0.7692307692307694
batch_11,218,5,0.6223776223776225,7,0.09090909090909093,1,0.3076923076923077
batch_11,219,4,0.16783216783216784,1,0.6783216783216784,9,0.34965034965034975
batch_11,21,4,-0.11188811188811189,3,0.7832167832167832,5,0.5524475524475525
batch_11,220,7,0.3636363636363637,3,0.2377622377622378,2,0.8251748251748254
batch_11,221,9,0.02097902097902098,3,0.3356643356643357,4,0.4055944055944056
batch_11,222,9,-0.21678321678321683,3,0.4125874125874127,3,0.7062937062937064
batch_11,223,12,-0.34965034965034975,1,0.6573426573426573,1,0.8041958041958043
batch_11,224,1,0.32867132867132864,4,0.7342657342657343,3,0.49650349650349657
batch_11,225,5,-0.04195804195804196,1,0.5874125874125874,1,0.8461538461538463
batch_11,226,7,0.027972027972027972,1,0.6573426573426573,3,0.4755244755244756
batch_11,227,1,0.055944055944055944,1,0.5664335664335665,3,0.9020979020979022
batch_11,228,1,0.3706293706293707,2,0.8041958041958043,1,0.4825174825174825
batch_11,229,8,0.25874125874125875,1,0.6433566433566434,1,0.4685314685314686
batch_11,22,7,0.034965034965034975,6,0.5594405594405596,1,0.43356643356643365
batch_11,230,8,-0.32867132867132864,2,0.8811188811188813,6,0.2447552447552448
batch_11,231,6,0.30069930069930073,1,0.7202797202797203,2,0.5244755244755246
batch_11,232,4,-0.09090909090909093,5,0.5944055944055945,3,0.5244755244755246
batch_11,233,1,0.8041958041958043,1,0.6083916083916086,10,-0.04895104895104895
batch_11,234,3,0.5174825174825175,1,0.7972027972027973,6,0.6643356643356644
batch_11,235,9,0.1958041958041958,2,0.5244755244755246,1,0.6783216783216784
batch_11,236,1,0.5874125874125874,1,0.8111888111888113,2,0.6223776223776225
batch_11,237,4,0.39860139860139865,3,0.6573426573426573,3,0.7412587412587414
batch_11,238,3,0.15384615384615385,5,0.2797202797202798,4,0.5104895104895105
batch_11,239,7,0.10489510489510491,1,0.5244755244755246,6,0.7062937062937064
batch_11,23,7,0.09090909090909093,3,0.6293706293706295,3,0.6223776223776225
batch_11,240,6,0.3426573426573427,4,0.34965034965034975,1,0.5664335664335665
batch_11,241,9,0.1258741258741259,2,0.46153846153846156,1,0.7412587412587414
batch_11,242,9,0.2937062937062937,1,0.7552447552447553,1,0.8111888111888113
batch_11,243,5,0.8811188811188813,2,0.44055944055944063,2,0.7692307692307694
batch_11,244,7,-0.04895104895104895,2,0.965034965034965,1,0.7902097902097903
batch_11,245,3,0.8321678321678322,2,0.3916083916083916,3,0.1328671328671329
batch_11,246,4,0.013986013986013986,1,0.8181818181818183,3,0.4825174825174825
batch_11,247,3,0.6433566433566434,1,0.6433566433566434,3,0.6083916083916086
batch_11,248,3,0.8111888111888113,4,0.5314685314685316,5,0.3706293706293707
batch_11,249,7,0.5664335664335665,4,0.5384615384615385,1,0.8181818181818183
batch_11,24,1,0.6083916083916086,2,0.8391608391608393,1,0.4685314685314686
batch_11,25,7,-0.11188811188811189,1,0.8881118881118882,1,0.8111888111888113
batch_11,26,8,0.08391608391608392,1,0.7902097902097903,7,0.7132867132867133
batch_11,27,10,-0.5804195804195805,8,0.49650349650349657,2,0.5244755244755246
batch_11,28,7,-0.17482517482517487,3,0.7762237762237763,1,0.3846153846153847
batch_11,29,6,0.3706293706293707,2,0.7972027972027973,1,0.8741258741258742
batch_11,2,11,-0.2937062937062937,1,0.8181818181818183,9,0.2027972027972028
batch_11,30,10,-0.2027972027972028,1,0.6433566433566434,5,0.6993006993006995
batch_11,31,6,-0.46153846153846156,2,0.8671328671328673,4,0.6573426573426573
batch_11,32,6,-0.1958041958041958,3,0.6923076923076924,1,0.8671328671328673
batch_11,33,1,0.6293706293706295,2,0.43356643356643365,12,0.2027972027972028
batch_11,34,5,0.06293706293706294,1,0.7342657342657343,2,0.6783216783216784
batch_11,35,1,0.14685314685314685,5,0.7972027972027973,1,0.7412587412587414
batch_11,36,1,-0.08391608391608392,2,0.8601398601398602,1,0.7902097902097903
batch_11,37,12,-0.11188811188811189,2,0.6853146853146854,1,0.5454545454545455
batch_11,38,5,0.06993006993006995,2,0.7762237762237763,4,0.4895104895104896
batch_11,39,1,-0.1188811188811189,2,0.6503496503496504,1,0.44055944055944063
batch_11,3,3,0.16783216783216784,1,0.8391608391608393,5,0.7692307692307694
batch_11,40,7,-0.04895104895104895,1,0.6923076923076924,1,0.5454545454545455
batch_11,41,3,0.11188811188811189,2,0.8601398601398602,2,0.5174825174825175
batch_11,42,3,0.1258741258741259,1,0.7622377622377624,3,0.5734265734265735
batch_11,43,2,0.2447552447552448,3,0.6783216783216784,4,0.4125874125874127
batch_11,44,5,-0.07692307692307693,4,0.5734265734265735,2,0.21678321678321683
batch_11,45,1,0.4055944055944056,1,0.4265734265734266,5,0.5244755244755246
batch_11,46,5,0.5944055944055945,1,0.8881118881118882,4,0.6433566433566434
batch_11,47,6,-0.1328671328671329,2,0.7412587412587414,4,0.7412587412587414
batch_11,48,7,-0.23076923076923078,1,0.6853146853146854,2,0.8811188811188813
batch_11,49,3,0.3706293706293707,1,0.7482517482517484,5,0.4755244755244756
batch_11,4,7,0.5734265734265735,7,-0.08391608391608392,1,0.35664335664335667
batch_11,50,1,0.3076923076923077,4,0.5454545454545455,4,0.16083916083916086
batch_11,51,1,0.04195804195804196,2,0.8531468531468532,1,0.6573426573426573
batch_11,52,2,0.8951048951048951,1,0.6293706293706295,5,0.5734265734265735
batch_11,53,2,0.6293706293706295,6,0.6503496503496504,2,0.49650349650349657
batch_11,54,4,0.5664335664335665,6,0.7272727272727274,1,0.6573426573426573
batch_11,55,1,0.8251748251748254,2,0.30069930069930073,8,0.1258741258741259
batch_11,56,1,0.3076923076923077,2,0.5314685314685316,2,0.5174825174825175
batch_11,57,6,0.30069930069930073,1,0.7482517482517484,7,0.3076923076923077
batch_11,58,9,0.3916083916083916,5,0.5734265734265735,1,0.6573426573426573
batch_11,59,1,0.3216783216783217,7,0.08391608391608392,2,0.7062937062937064
batch_11,5,4,0.5244755244755246,2,0.8811188811188813,2,0.4755244755244756
batch_11,60,7,0.39860139860139865,4,0.21678321678321683,2,0.7972027972027973
batch_11,61,3,0.10489510489510491,3,0.8391608391608393,2,0.4825174825174825
batch_11,62,6,-0.16083916083916086,1,0.9160839160839163,5,0.1188811188811189
batch_11,63,10,-0.39860139860139865,1,0.8321678321678322,3,0.8881118881118882
batch_11,64,7,-0.027972027972027972,1,0.9300699300699302,4,0.8531468531468532
batch_11,65,8,-0.25874125874125875,2,0.8321678321678322,1,0.6643356643356644
batch_11,66,1,0.2447552447552448,1,0.6853146853146854,9,0.5524475524475525
batch_11,67,10,-0.06993006993006995,1,0.9440559440559443,3,0.5804195804195805
batch_11,68,1,0.5524475524475525,2,0.3916083916083916,1,0.7062937062937064
batch_11,69,6,0.1188811188811189,2,0.7552447552447553,2,0.31468531468531474
batch_11,6,2,-0.2377622377622378,1,0.6713286713286714,7,0.5104895104895105
batch_11,70,11,0.2377622377622378,2,0.5944055944055945,6,0.18881118881118883
batch_11,71,1,0.6363636363636365,7,0.35664335664335667,2,0.3636363636363637
batch_11,72,11,-0.4825174825174825,4,0.8531468531468532,1,0.5314685314685316
batch_11,73,3,0.0979020979020979,1,0.6643356643356644,4,0.5664335664335665
batch_11,74,8,0.25874125874125875,1,0.6293706293706295,5,0.4265734265734266
batch_11,75,9,-0.11188811188811189,4,0.32867132867132864,2,0.6573426573426573
batch_11,76,8,-0.08391608391608392,2,0.4895104895104896,2,0.8461538461538463
batch_11,77,3,0.6503496503496504,1,0.5454545454545455,4,0.44755244755244755
batch_11,78,1,0.8671328671328673,2,0.2867132867132868,8,-0.18881118881118883
batch_11,79,3,-0.027972027972027972,1,0.8881118881118882,3,0.7132867132867133
batch_11,7,5,0.8461538461538463,1,0.3426573426573427,4,0.034965034965034975
batch_11,80,5,0.43356643356643365,2,0.5314685314685316,2,0.7762237762237763
batch_11,81,2,0.7762237762237763,5,0.8391608391608393,2,0.7132867132867133
batch_11,82,6,-0.2377622377622378,3,0.7762237762237763,1,0.4265734265734266
batch_11,83,2,0.09090909090909093,2,0.7202797202797203,5,0.5314685314685316
batch_11,84,3,0.46153846153846156,1,0.034965034965034975,9,0.4265734265734266
batch_11,85,3,0.5804195804195805,6,0.2937062937062937,3,0.35664335664335667
batch_11,86,4,0.5454545454545455,2,0.5944055944055945,2,0.8321678321678322
batch_11,87,8,0.1258741258741259,1,0.3636363636363637,1,0.49650349650349657
batch_11,88,4,0.09090909090909093,1,0.7832167832167832,6,0.49650349650349657
batch_11,89,4,0.4265734265734266,1,0.8741258741258742,1,0.6503496503496504
batch_11,8,2,0.46153846153846156,1,0.7832167832167832,5,0.23076923076923078
batch_11,90,4,0.43356643356643365,6,0.37762237762237766,1,0.5524475524475525
batch_11,91,3,-0.1188811188811189,6,0.4055944055944056,1,0.8041958041958043
batch_11,92,2,-0.4755244755244756,1,0.7062937062937064,8,0.43356643356643365
batch_11,93,2,0.0979020979020979,1,0.8181818181818183,1,0.8601398601398602
batch_11,94,3,0.46153846153846156,1,0.5454545454545455,5,0.7132867132867133
batch_11,95,9,-0.3706293706293707,1,0.8461538461538463,2,0.8601398601398602
batch_11,96,2,0.5944055944055945,1,0.6643356643356644,2,-0.027972027972027972
batch_11,97,4,0.1258741258741259,1,0.6433566433566434,1,0.8461538461538463
batch_11,98,2,0.2027972027972028,1,0.7832167832167832,7,0.6223776223776225
batch_11,99,6,0.1958041958041958,1,0.5314685314685316,1,0.5244755244755246
batch_11,9,3,0.034965034965034975,3,0.8811188811188813,1,0.7552447552447553
batch_12,0,5,0.49650349650349657,1,0.8461538461538463,4,0.7972027972027973
batch_12,100,6,0.6083916083916086,1,0.06993006993006995,1,0.6503496503496504
batch_12,101,10,0.2797202797202798,2,0.6573426573426573,2,0.6923076923076924
batch_12,102,1,-0.1188811188811189,2,0.7972027972027973,1,0.6083916083916086
batch_12,103,9,-0.1188811188811189,1,0.7692307692307694,5,0.6643356643356644
batch_12,104,5,0.25874125874125875,1,0.8671328671328673,3,0.5944055944055945
batch_12,105,9,-0.30069930069930073,5,0.5594405594405596,1,0.4055944055944056
batch_12,106,2,0.25874125874125875,5,0.6153846153846154,1,0.11188811188811189
batch_12,107,1,0.22377622377622378,3,0.3706293706293707,6,0.3636363636363637
batch_12,108,2,0.7902097902097903,2,0.5874125874125874,4,0.41958041958041964
batch_12,109,3,0.2377622377622378,3,0.6923076923076924,2,0.7832167832167832
batch_12,10,11,-0.3916083916083916,1,0.6643356643356644,3,0.8111888111888113
batch_12,110,9,-0.07692307692307693,1,0.9020979020979022,6,0.4825174825174825
batch_12,111,7,0.3356643356643357,1,0.7622377622377624,2,0.5874125874125874
batch_12,112,3,0.07692307692307693,7,0.5594405594405596,3,0.8111888111888113
batch_12,113,4,0.27272727272727276,1,0.7552447552447553,7,0.6223776223776225
batch_12,114,9,0.1188811188811189,3,0.7062937062937064,2,0.8601398601398602
batch_12,115,4,-0.013986013986013986,1,0.9440559440559443,3,0.8881118881118882
batch_12,116,4,0.27272727272727276,1,0.5594405594405596,10,0.22377622377622378
batch_12,117,5,0.6433566433566434,1,0.43356643356643365,4,0.6363636363636365
batch_12,118,12,-0.1958041958041958,3,0.3916083916083916,3,0.7342657342657343
batch_12,119,12,-0.06293706293706294,2,0.7272727272727274,1,0.30069930069930073
batch_12,11,9,0.2937062937062937,1,0.7762237762237763,7,0.49650349650349657
batch_12,120,11,-0.04895104895104895,6,0.6993006993006995,1,0.5314685314685316
batch_12,121,5,0.2447552447552448,1,0.4895104895104896,5,0.7272727272727274
batch_12,122,9,-0.17482517482517487,1,0.7762237762237763,1,0.7972027972027973
batch_12,123,12,-0.18881118881118883,1,0.7902097902097903,2,0.8391608391608393
batch_12,124,1,0.9860139860139862,1,0.2657342657342658,5,0.11188811188811189
batch_12,125,11,0.06293706293706294,1,0.7272727272727274,2,0.3426573426573427
batch_12,126,5,0.4125874125874127,1,0.9090909090909092,11,0.055944055944055944
batch_12,127,1,0.32867132867132864,1,0.7832167832167832,7,0.4545454545454546
batch_12,128,5,0.2517482517482518,3,0.8601398601398602,1,0.7202797202797203
batch_12,129,6,0.1258741258741259,2,0.4265734265734266,7,0.4265734265734266
batch_12,12,3,0.013986013986013986,2,0.7832167832167832,3,0.7692307692307694
batch_12,130,3,0.34965034965034975,1,0.7552447552447553,7,0.6573426573426573
batch_12,131,6,0.6713286713286714,1,0.2867132867132868,1,0.18181818181818185
batch_12,132,3,0.14685314685314685,4,0.7062937062937064,3,0.4755244755244756
batch_12,133,2,0.06293706293706294,1,0.6433566433566434,7,0.43356643356643365
batch_12,134,8,0.34965034965034975,2,0.8881118881118882,2,0.7132867132867133
batch_12,135,3,0.1398601398601399,2,0.6713286713286714,1,0.7902097902097903
batch_12,136,3,0.3216783216783217,1,0.43356643356643365,2,0.6293706293706295
batch_12,137,1,0.5314685314685316,1,0.3636363636363637,1,0.9090909090909092
batch_12,138,1,0.16783216783216784,4,0.44055944055944063,2,0.7062937062937064
batch_12,139,3,0.30069930069930073,7,0.6363636363636365,1,0.7202797202797203
batch_12,13,9,0.2027972027972028,3,0.8321678321678322,2,0.6363636363636365
batch_12,140,1,0.5244755244755246,4,0.5454545454545455,2,0.43356643356643365
batch_12,141,3,0.34965034965034975,7,0.6013986013986015,1,0.5174825174825175
batch_12,142,3,0.6923076923076924,3,0.7342657342657343,3,0.4265734265734266
batch_12,143,2,0.2867132867132868,3,0.6783216783216784,4,0.2867132867132868
batch_12,144,3,0.18881118881118883,3,0.6083916083916086,1,0.35664335664335667
batch_12,145,10,-0.18881118881118883,1,0.7832167832167832,3,0.6853146853146854
batch_12,146,2,0.1398601398601399,1,0.9020979020979022,8,0.6643356643356644
batch_12,147,6,0.027972027972027972,1,0.5454545454545455,2,0.7692307692307694
batch_12,148,4,0.20979020979020982,3,0.7622377622377624,2,0.7202797202797203
batch_12,149,2,0.41958041958041964,4,0.6013986013986015,2,0.5384615384615385
batch_12,14,1,-0.18181818181818185,6,0.5314685314685316,1,0.6923076923076924
batch_12,150,1,0.1958041958041958,1,0.7412587412587414,5,0.18881118881118883
batch_12,151,9,-0.1398601398601399,1,0.7692307692307694,9,0.4895104895104896
batch_12,152,5,0.8741258741258742,1,0.7902097902097903,2,0.43356643356643365
batch_12,153,1,0.6153846153846154,1,0.41958041958041964,3,0.7832167832167832
batch_12,154,3,0.4265734265734266,1,0.5944055944055945,6,0.49650349650349657
batch_12,155,4,-0.4125874125874127,2,0.49650349650349657,7,0.5944055944055945
batch_12,156,4,0.08391608391608392,1,0.6993006993006995,6,0.5664335664335665
batch_12,157,6,-0.3706293706293707,5,0.6923076923076924,2,0.8671328671328673
batch_12,158,4,0.6363636363636365,5,0.46153846153846156,2,0.06293706293706294
batch_12,159,6,-0.2937062937062937,1,0.9440559440559443,8,0.5384615384615385
batch_12,15,9,0.3846153846153847,1,0.8391608391608393,5,0.6573426573426573
batch_12,160,6,0.06293706293706294,2,0.7482517482517484,4,0.4825174825174825
batch_12,161,2,0.3076923076923077,2,0.6573426573426573,1,0.8321678321678322
batch_12,162,1,0.7692307692307694,9,0.18881118881118883,3,0.22377622377622378
batch_12,163,12,-0.6363636363636365,5,0.6993006993006995,2,0.7412587412587414
batch_12,164,6,-0.32867132867132864,4,0.6643356643356644,1,0.5454545454545455
batch_12,165,10,0.11188811188811189,2,0.6713286713286714,1,0.5384615384615385
batch_12,166,7,-0.2377622377622378,1,0.8041958041958043,3,0.8461538461538463
batch_12,167,2,0.3636363636363637,2,0.6083916083916086,2,0.6783216783216784
batch_12,168,6,0.1258741258741259,1,0.8811188811188813,3,0.7412587412587414
batch_12,169,10,0.4685314685314686,1,0.9090909090909092,3,0.2657342657342658
batch_12,16,1,0.22377622377622378,1,0.6993006993006995,6,0.5104895104895105
batch_12,170,5,0.44055944055944063,1,0.6573426573426573,9,0.3846153846153847
batch_12,171,3,0.4825174825174825,1,0.7272727272727274,8,0.6503496503496504
batch_12,172,5,-0.04195804195804196,1,0.5804195804195805,3,0.5524475524475525
batch_12,173,5,0.4895104895104896,4,0.6013986013986015,1,0.5034965034965035
batch_12,174,6,0.18181818181818185,3,0.6643356643356644,1,0.6293706293706295
batch_12,175,5,0.7692307692307694,12,-0.34965034965034975,1,0.3216783216783217
batch_12,176,7,0.21678321678321683,3,0.7622377622377624,2,0.6293706293706295
batch_12,177,2,0.4825174825174825,4,0.5104895104895105,5,0.2937062937062937
batch_12,178,2,-0.04195804195804196,3,0.5524475524475525,7,0.2447552447552448
batch_12,179,6,0.02097902097902098,3,0.6713286713286714,2,0.7902097902097903
batch_12,17,2,0.7972027972027973,3,0.02097902097902098,1,0.08391608391608392
batch_12,180,7,0.2797202797202798,4,0.5524475524475525,5,0.2657342657342658
batch_12,181,8,-0.32867132867132864,6,0.4545454545454546,1,0.7482517482517484
batch_12,182,10,0.18881118881118883,2,0.4825174825174825,1,0.6923076923076924
batch_12,183,8,0.5944055944055945,1,0.41958041958041964,3,0.0979020979020979
batch_12,184,7,0.41958041958041964,1,0.5244755244755246,8,0.6643356643356644
batch_12,185,1,0.6363636363636365,3,0.7062937062937064,3,0.7342657342657343
batch_12,186,8,-0.1958041958041958,2,0.8321678321678322,1,0.8951048951048951
batch_12,187,1,0.16783216783216784,2,0.7832167832167832,7,0.39860139860139865
batch_12,188,4,0.0,3,0.49650349650349657,1,0.7902097902097903
batch_12,189,6,-0.04895104895104895,1,0.7622377622377624,3,0.8041958041958043
batch_12,18,2,0.0979020979020979,1,0.22377622377622378,8,0.6223776223776225
batch_12,190,5,0.6503496503496504,2,0.5734265734265735,4,0.1398601398601399
batch_12,191,9,0.20979020979020982,2,0.6433566433566434,7,0.21678321678321683
batch_12,192,6,0.027972027972027972,2,0.7412587412587414,3,0.3636363636363637
batch_12,193,12,-0.055944055944055944,1,0.8251748251748254,2,0.4545454545454546
batch_12,194,8,0.17482517482517487,1,0.8391608391608393,5,0.8041958041958043
batch_12,195,4,0.21678321678321683,3,0.7552447552447553,3,0.39860139860139865
batch_12,196,2,0.7972027972027973,1,0.2447552447552448,2,0.5594405594405596
batch_12,197,2,0.6223776223776225,1,0.8251748251748254,1,0.5384615384615385
batch_12,198,3,0.5734265734265735,2,0.5104895104895105,6,0.034965034965034975
batch_12,199,3,-0.21678321678321683,1,0.8321678321678322,3,0.7412587412587414
batch_12,19,2,0.7412587412587414,11,0.16783216783216784,1,0.44755244755244755
batch_12,1,3,0.15384615384615385,2,0.5454545454545455,1,0.7482517482517484
batch_12,200,6,-0.18881118881118883,1,0.7832167832167832,5,0.6993006993006995
batch_12,201,10,0.18181818181818185,1,0.39860139860139865,2,0.7762237762237763
batch_12,202,11,-0.6293706293706295,2,0.5104895104895105,4,0.3216783216783217
batch_12,203,8,-0.39860139860139865,1,0.7062937062937064,7,0.2867132867132868
batch_12,204,1,0.3636363636363637,1,0.6713286713286714,5,0.6363636363636365
batch_12,205,2,-0.06993006993006995,1,0.7132867132867133,2,0.46153846153846156
batch_12,206,4,0.5524475524475525,4,0.5524475524475525,2,0.4755244755244756
batch_12,207,2,0.2377622377622378,2,0.9440559440559443,1,0.5314685314685316
batch_12,208,4,-0.22377622377622378,1,0.6293706293706295,3,0.6503496503496504
batch_12,209,10,-0.4825174825174825,3,0.3846153846153847,3,0.7202797202797203
batch_12,20,2,0.06993006993006995,1,0.6013986013986015,2,0.5314685314685316
batch_12,210,2,0.23076923076923078,1,0.5244755244755246,5,0.6853146853146854
batch_12,211,5,0.6363636363636365,3,0.5804195804195805,3,0.4545454545454546
batch_12,212,6,-0.37762237762237766,2,0.18181818181818185,3,0.5874125874125874
batch_12,213,3,0.18881118881118883,1,0.9160839160839163,4,0.7062937062937064
batch_12,214,7,0.06993006993006995,1,0.6083916083916086,4,0.7832167832167832
batch_12,215,6,-0.5034965034965035,1,0.6923076923076924,4,0.7412587412587414
batch_12,216,8,0.034965034965034975,1,0.8741258741258742,2,0.5454545454545455
batch_12,217,7,-0.46153846153846156,2,0.9230769230769231,2,0.6223776223776225
batch_12,218,6,-0.17482517482517487,2,0.4825174825174825,4,0.8041958041958043
batch_12,219,1,0.8391608391608393,4,0.6083916083916086,1,0.3426573426573427
batch_12,21,6,0.5104895104895105,2,0.8111888111888113,7,-0.0979020979020979
batch_12,220,3,0.8601398601398602,1,0.6993006993006995,12,-0.17482517482517487
batch_12,221,10,-0.4755244755244756,2,0.7972027972027973,3,0.7972027972027973
batch_12,222,4,0.0,1,0.9300699300699302,5,0.7552447552447553
batch_12,223,4,0.4265734265734266,1,0.7762237762237763,2,0.7902097902097903
batch_12,224,3,0.2797202797202798,5,0.3426573426573427,1,0.5874125874125874
batch_12,225,2,0.8111888111888113,9,0.1958041958041958,5,0.5664335664335665
batch_12,226,1,-0.04195804195804196,2,0.8321678321678322,1,0.5664335664335665
batch_12,227,12,-0.2377622377622378,3,0.3846153846153847,2,0.5384615384615385
batch_12,228,1,-0.027972027972027972,1,0.7342657342657343,1,0.6713286713286714
batch_12,229,5,0.04195804195804196,3,0.3846153846153847,4,0.7482517482517484
batch_12,22,10,-0.7342657342657343,4,0.6293706293706295,1,0.6083916083916086
batch_12,230,2,0.32867132867132864,3,0.6573426573426573,3,0.9090909090909092
batch_12,231,4,0.3636363636363637,2,0.6433566433566434,2,0.5034965034965035
batch_12,232,4,0.25874125874125875,2,0.6643356643356644,4,0.6363636363636365
batch_12,233,3,0.5454545454545455,2,0.4545454545454546,1,0.4895104895104896
batch_12,234,1,0.18181818181818185,5,0.3846153846153847,1,0.7622377622377624
batch_12,235,6,0.46153846153846156,1,0.6363636363636365,4,0.6363636363636365
batch_12,236,6,0.006993006993006993,1,0.7482517482517484,5,0.5034965034965035
batch_12,237,7,0.11188811188811189,4,0.7552447552447553,4,0.2937062937062937
batch_12,238,4,0.23076923076923078,3,0.7272727272727274,1,0.5734265734265735
batch_12,239,1,0.20979020979020982,3,0.6783216783216784,3,0.8111888111888113
batch_12,23,5,-0.1958041958041958,1,0.6573426573426573,3,0.5314685314685316
batch_12,240,8,0.08391608391608392,2,0.6153846153846154,2,0.3636363636363637
batch_12,241,7,-0.09090909090909093,1,0.8601398601398602,3,0.7272727272727274
batch_12,242,3,0.11188811188811189,2,0.6503496503496504,5,0.6783216783216784
batch_12,243,6,-0.4265734265734266,8,0.5174825174825175,1,0.8041958041958043
batch_12,244,8,0.1328671328671329,3,0.8251748251748254,2,0.34965034965034975
batch_12,245,5,0.2867132867132868,1,0.7272727272727274,2,0.6573426573426573
batch_12,246,1,0.21678321678321683,1,0.7482517482517484,4,0.7622377622377624
batch_12,247,5,0.2377622377622378,2,0.49650349650349657,4,0.5384615384615385
batch_12,248,4,-0.14685314685314685,2,0.8741258741258742,1,0.8041958041958043
batch_12,249,1,0.9160839160839163,8,-0.3216783216783217,8,-0.16083916083916086
batch_12,24,11,-0.04895104895104895,2,0.5944055944055945,2,0.6503496503496504
batch_12,25,9,-0.2657342657342658,1,0.965034965034965,6,0.7202797202797203
batch_12,26,4,0.17482517482517487,1,0.9020979020979022,2,0.5244755244755246
batch_12,27,7,0.3216783216783217,1,0.5384615384615385,5,0.8951048951048951
batch_12,28,3,0.006993006993006993,3,0.8111888111888113,2,0.6573426573426573
batch_12,29,7,0.6293706293706295,1,0.3706293706293707,5,-0.06993006993006995
batch_12,2,1,0.30069930069930073,1,0.8881118881118882,4,0.8391608391608393
batch_12,30,4,0.43356643356643365,1,0.6503496503496504,3,0.4125874125874127
batch_12,31,7,0.06993006993006995,5,0.5034965034965035,1,0.7412587412587414
batch_12,32,4,0.37762237762237766,3,0.5384615384615385,5,0.5244755244755246
batch_12,33,12,-0.5034965034965035,2,0.8741258741258742,3,0.2797202797202798
batch_12,34,3,0.4755244755244756,2,0.6293706293706295,6,0.006993006993006993
batch_12,35,11,0.2377622377622378,1,0.6293706293706295,4,0.7062937062937064
batch_12,36,8,-0.027972027972027972,1,0.7762237762237763,2,0.8461538461538463
batch_12,37,5,0.4685314685314686,1,0.6853146853146854,3,0.7622377622377624
batch_12,38,2,0.35664335664335667,1,0.7552447552447553,5,0.7342657342657343
batch_12,39,2,0.2867132867132868,8,0.5804195804195805,2,0.3076923076923077
batch_12,3,2,0.6153846153846154,1,0.3706293706293707,6,-0.23076923076923078
batch_12,40,2,0.18181818181818185,3,0.6783216783216784,3,0.6923076923076924
batch_12,41,3,0.39860139860139865,3,0.5664335664335665,2,0.6433566433566434
batch_12,42,1,0.43356643356643365,1,0.8321678321678322,1,0.6783216783216784
batch_12,43,1,0.08391608391608392,5,0.7832167832167832,1,0.6433566433566434
batch_12,44,9,0.15384615384615385,2,0.5804195804195805,5,0.16783216783216784
batch_12,45,6,0.06993006993006995,1,0.6293706293706295,6,0.6503496503496504
batch_12,46,6,-0.2657342657342658,3,0.7062937062937064,1,0.5244755244755246
batch_12,47,12,-0.4265734265734266,1,0.6223776223776225,3,0.5944055944055945
batch_12,48,4,0.9160839160839163,1,0.5944055944055945,10,0.09090909090909093
batch_12,49,4,0.04895104895104895,1,0.8251748251748254,7,0.2517482517482518
batch_12,4,9,-0.14685314685314685,1,0.44755244755244755,7,0.5594405594405596
batch_12,50,4,0.49650349650349657,2,0.8741258741258742,2,0.16783216783216784
batch_12,51,3,-0.006993006993006993,1,0.4685314685314686,2,0.7412587412587414
batch_12,52,2,0.5174825174825175,2,0.7902097902097903,8,0.5874125874125874
batch_12,53,6,-0.0979020979020979,1,0.9090909090909092,6,0.8111888111888113
batch_12,54,5,0.2517482517482518,4,0.4545454545454546,1,0.4125874125874127
batch_12,55,10,0.07692307692307693,1,0.8391608391608393,1,0.6643356643356644
batch_12,56,4,0.3636363636363637,2,0.6153846153846154,1,0.7342657342657343
batch_12,57,8,0.1328671328671329,1,0.37762237762237766,7,0.5594405594405596
batch_12,58,3,-0.3076923076923077,1,0.3216783216783217,3,0.7552447552447553
batch_12,59,5,0.1958041958041958,1,0.8951048951048951,2,0.8741258741258742
batch_12,5,7,0.7132867132867133,2,0.5034965034965035,11,-0.1328671328671329
batch_12,60,8,-0.32867132867132864,2,0.8671328671328673,2,0.3706293706293707
batch_12,61,5,-0.1328671328671329,3,0.7972027972027973,1,0.8951048951048951
batch_12,62,8,0.4545454545454546,3,0.7062937062937064,3,0.4125874125874127
batch_12,63,3,0.013986013986013986,3,0.7202797202797203,2,0.5174825174825175
batch_12,64,8,-0.013986013986013986,3,0.5034965034965035,3,0.5524475524475525
batch_12,65,10,-0.4265734265734266,1,0.7552447552447553,5,0.3216783216783217
batch_12,66,5,0.8251748251748254,7,0.23076923076923078,3,0.22377622377622378
batch_12,67,9,0.20979020979020982,1,0.7482517482517484,2,0.6013986013986015
batch_12,68,6,0.5944055944055945,2,0.4125874125874127,2,0.7132867132867133
batch_12,69,7,0.11188811188811189,2,0.6923076923076924,3,0.4055944055944056
batch_12,6,9,-0.16783216783216784,3,0.7972027972027973,2,0.06293706293706294
batch_12,70,6,0.027972027972027972,5,0.6153846153846154,1,0.6503496503496504
batch_12,71,5,-0.15384615384615385,2,0.7552447552447553,7,0.4825174825174825
batch_12,72,5,0.2377622377622378,6,0.4265734265734266,1,0.5244755244755246
batch_12,73,7,0.1188811188811189,1,0.6853146853146854,3,0.8811188811188813
batch_12,74,5,-0.4685314685314686,4,0.5314685314685316,1,0.3706293706293707
batch_12,75,4,0.43356643356643365,1,0.7342657342657343,3,0.6783216783216784
batch_12,76,8,0.1188811188811189,1,0.3356643356643357,2,0.7762237762237763
batch_12,77,5,0.02097902097902098,3,0.49650349650349657,1,0.4545454545454546
batch_12,78,12,-0.44055944055944063,1,0.8321678321678322,3,0.8321678321678322
batch_12,79,4,-0.30069930069930073,4,0.6013986013986015,1,0.8041958041958043
batch_12,7,12,-0.39860139860139865,4,0.7342657342657343,2,0.6433566433566434
batch_12,80,11,0.15384615384615385,2,0.8741258741258742,1,0.8391608391608393
batch_12,81,10,-0.16083916083916086,1,0.6643356643356644,2,0.7622377622377624
batch_12,82,1,0.3216783216783217,2,0.7482517482517484,1,0.7202797202797203
batch_12,83,5,0.0,1,0.7902097902097903,3,0.4895104895104896
batch_12,84,3,0.17482517482517487,2,0.6013986013986015,2,0.6923076923076924
batch_12,85,4,0.31468531468531474,4,0.41958041958041964,2,0.8671328671328673
batch_12,86,2,0.46153846153846156,2,0.7622377622377624,7,0.27272727272727276
batch_12,87,3,0.22377622377622378,5,0.6923076923076924,1,0.4895104895104896
batch_12,88,10,0.034965034965034975,1,0.5594405594405596,8,0.4055944055944056
batch_12,89,4,0.16783216783216784,2,0.6783216783216784,2,0.8671328671328673
batch_12,8,3,0.39860139860139865,3,0.5944055944055945,2,0.5734265734265735
batch_12,90,3,-0.11188811188811189,1,0.8321678321678322,3,0.6293706293706295
batch_12,91,8,0.4545454545454546,5,0.08391608391608392,6,0.6923076923076924
batch_12,92,12,0.02097902097902098,3,0.10489510489510491,4,0.7062937062937064
batch_12,93,7,0.02097902097902098,3,0.3216783216783217,4,0.6573426573426573
batch_12,94,3,0.5944055944055945,6,0.2657342657342658,1,0.8951048951048951
batch_12,95,2,0.1958041958041958,3,0.8811188811188813,1,0.6153846153846154
batch_12,96,4,-0.2517482517482518,3,0.2797202797202798,6,0.5034965034965035
batch_12,97,6,0.18181818181818185,5,0.5664335664335665,1,0.8321678321678322
batch_12,98,5,-0.39860139860139865,3,0.7202797202797203,1,0.6643356643356644
batch_12,99,3,-0.02097902097902098,1,0.7272727272727274,4,0.6993006993006995
batch_12,9,2,0.2447552447552448,4,0.6503496503496504,2,0.5734265734265735
batch_13,0,9,-0.04895104895104895,1,0.7832167832167832,3,0.49650349650349657
batch_13,100,1,0.3636363636363637,1,0.5384615384615385,4,0.41958041958041964
batch_13,101,1,-0.006993006993006993,1,0.6363636363636365,5,0.34965034965034975
batch_13,102,6,0.7762237762237763,3,0.7272727272727274,1,0.4825174825174825
batch_13,103,4,0.1258741258741259,2,0.8531468531468532,2,0.9020979020979022
batch_13,104,2,0.7272727272727274,4,-0.013986013986013986,6,0.7832167832167832
batch_13,105,5,-0.18881118881118883,5,0.2657342657342658,2,0.8741258741258742
batch_13,106,2,0.1398601398601399,1,0.7972027972027973,5,0.6643356643356644
batch_13,107,8,0.4895104895104896,1,0.7972027972027973,4,0.3076923076923077
batch_13,108,4,0.3356643356643357,2,0.4895104895104896,5,0.6223776223776225
batch_13,109,12,-0.2517482517482518,1,0.7832167832167832,6,0.7622377622377624
batch_13,10,11,0.25874125874125875,2,0.7622377622377624,2,0.4825174825174825
batch_13,110,10,-0.0979020979020979,1,0.8811188811188813,4,0.7972027972027973
batch_13,111,2,0.20979020979020982,1,0.7132867132867133,9,-0.3356643356643357
batch_13,112,8,0.1958041958041958,1,0.46153846153846156,2,0.9160839160839163
batch_13,113,8,0.08391608391608392,1,0.7972027972027973,3,0.35664335664335667
batch_13,114,11,0.10489510489510491,2,0.8461538461538463,1,0.5734265734265735
batch_13,115,3,0.027972027972027972,1,0.6363636363636365,4,0.46153846153846156
batch_13,116,11,-0.0979020979020979,1,0.7972027972027973,5,0.7552447552447553
batch_13,117,3,0.44055944055944063,2,0.6923076923076924,5,0.5674264393540605
batch_13,118,3,0.7832167832167832,1,0.08391608391608392,8,-0.10489510489510491
batch_13,119,8,-0.09090909090909093,2,0.7902097902097903,3,0.4125874125874127
batch_13,11,5,0.7762237762237763,2,0.2517482517482518,11,-0.41958041958041964
batch_13,120,11,-0.2867132867132868,3,0.6433566433566434,4,0.7132867132867133
batch_13,121,2,0.06293706293706294,1,0.8111888111888113,6,0.6363636363636365
batch_13,122,7,0.06993006993006995,7,0.18881118881118883,2,0.5314685314685316
batch_13,123,6,0.5104895104895105,3,0.2867132867132868,5,0.4755244755244756
batch_13,124,8,0.23076923076923078,2,0.5384615384615385,3,0.49650349650349657
batch_13,125,12,0.1258741258741259,2,0.6223776223776225,1,0.9020979020979022
batch_13,126,7,-0.4125874125874127,1,0.6993006993006995,2,0.8881118881118882
batch_13,127,12,-0.4125874125874127,3,0.7972027972027973,1,0.6923076923076924
batch_13,128,3,0.027972027972027972,1,0.8041958041958043,4,0.6433566433566434
batch_13,129,2,0.32867132867132864,1,0.8881118881118882,5,0.6013986013986015
batch_13,12,2,0.4265734265734266,5,0.49650349650349657,3,0.27272727272727276
batch_13,130,12,-0.2517482517482518,2,0.8741258741258742,3,0.6363636363636365
batch_13,131,9,-0.31468531468531474,1,0.6643356643356644,9,0.30069930069930073
batch_13,132,6,0.06993006993006995,2,0.49650349650349657,3,0.6503496503496504
batch_13,133,4,0.1188811188811189,1,0.7622377622377624,4,0.6643356643356644
batch_13,134,7,0.06993006993006995,1,0.6783216783216784,4,0.7412587412587414
batch_13,135,5,-0.04195804195804196,2,0.5384615384615385,8,0.49650349650349657
batch_13,136,11,-0.30069930069930073,1,0.5594405594405596,3,0.7272727272727274
batch_13,137,4,0.2377622377622378,4,0.6783216783216784,4,0.49650349650349657
batch_13,138,3,0.44055944055944063,2,0.3356643356643357,8,0.16783216783216784
batch_13,139,9,-0.7342657342657343,2,0.8041958041958043,1,0.5734265734265735
batch_13,13,4,0.08391608391608392,1,0.9580419580419581,12,0.37762237762237766
batch_13,140,5,0.20979020979020982,2,0.6153846153846154,4,0.6573426573426573
batch_13,141,7,0.7412587412587414,3,0.4825174825174825,2,-0.1258741258741259
batch_13,142,5,-0.3076923076923077,4,0.6503496503496504,2,0.7132867132867133
batch_13,143,12,-0.4545454545454546,3,0.8811188811188813,1,0.7202797202797203
batch_13,144,7,-0.43356643356643365,2,0.9090909090909092,1,0.6643356643356644
batch_13,145,2,0.8461538461538463,7,0.49650349650349657,1,-0.055944055944055944
batch_13,146,10,-0.6573426573426573,4,0.6783216783216784,1,0.5804195804195805
batch_13,147,12,-0.1398601398601399,1,0.6503496503496504,4,0.8531468531468532
batch_13,148,11,-0.4265734265734266,1,0.5944055944055945,4,0.8461538461538463
batch_13,149,1,0.1398601398601399,2,0.3916083916083916,2,0.6503496503496504
batch_13,14,12,-0.2797202797202798,1,0.8741258741258742,4,0.8251748251748254
batch_13,150,4,0.055944055944055944,3,0.7062937062937064,4,0.6013986013986015
batch_13,151,8,-0.18181818181818185,1,0.8601398601398602,4,0.7342657342657343
batch_13,152,6,0.27272727272727276,1,0.9370629370629372,3,0.6433566433566434
batch_13,153,7,0.055944055944055944,3,0.8181818181818183,1,0.6853146853146854
batch_13,154,9,0.3426573426573427,3,0.8531468531468532,2,0.6573426573426573
batch_13,155,9,0.31468531468531474,1,0.8111888111888113,1,0.5174825174825175
batch_13,156,6,0.44055944055944063,3,0.7622377622377624,2,0.6223776223776225
batch_13,157,4,0.3426573426573427,2,0.6433566433566434,3,0.5384615384615385
batch_13,158,11,-0.4755244755244756,2,0.5664335664335665,5,0.5244755244755246
batch_13,159,5,0.09090909090909093,1,0.8041958041958043,1,0.8671328671328673
batch_13,15,1,-0.1328671328671329,1,0.8321678321678322,4,0.9020979020979022
batch_13,160,8,-0.06293706293706294,1,0.9160839160839163,2,0.6433566433566434
batch_13,161,6,-0.04195804195804196,1,0.9370629370629372,1,0.3636363636363637
batch_13,162,2,0.4055944055944056,1,0.8881118881118882,3,0.3537658665108649
batch_13,163,4,0.5034965034965035,3,0.8951048951048951,3,0.5664335664335665
batch_13,164,11,-0.5594405594405596,3,0.7342657342657343,2,0.7552447552447553
batch_13,165,6,-0.1258741258741259,4,0.15384615384615385,2,0.5174825174825175
batch_13,166,6,0.46153846153846156,1,0.5944055944055945,3,0.6363636363636365
batch_13,167,12,-0.35664335664335667,1,0.6433566433566434,4,0.7832167832167832
batch_13,168,2,-0.006993006993006993,1,0.9160839160839163,2,0.4265734265734266
batch_13,169,1,0.3706293706293707,6,0.23076923076923078,2,0.7622377622377624
batch_13,16,1,0.5034965034965035,5,0.4685314685314686,2,0.9370629370629372
batch_13,170,2,0.8111888111888113,5,0.6223776223776225,1,0.18181818181818185
batch_13,171,6,0.06993006993006995,3,0.3636363636363637,3,0.43356643356643365
batch_13,172,10,-0.5454545454545455,1,0.6083916083916086,8,0.6923076923076924
batch_13,173,7,-0.17482517482517487,2,0.9160839160839163,2,0.5104895104895105
batch_13,174,10,0.04895104895104895,4,0.3076923076923077,1,0.8531468531468532
batch_13,175,10,-0.20979020979020982,2,0.8741258741258742,2,0.46153846153846156
batch_13,176,7,0.5174825174825175,2,0.37762237762237766,5,0.04895104895104895
batch_13,177,1,0.3356643356643357,3,0.7132867132867133,4,0.6433566433566434
batch_13,178,11,-0.5524475524475525,3,0.8601398601398602,2,0.43356643356643365
batch_13,179,5,0.7832167832167832,3,0.5454545454545455,2,0.17482517482517487
batch_13,17,7,-0.08391608391608392,5,0.5944055944055945,4,0.5944055944055945
batch_13,180,6,0.4265734265734266,2,0.8181818181818183,1,0.6713286713286714
batch_13,181,11,-0.6013986013986015,3,0.6573426573426573,3,0.6153846153846154
batch_13,182,11,-0.7132867132867133,1,0.7272727272727274,4,0.5454545454545455
batch_13,183,2,0.14685314685314685,2,0.7412587412587414,2,0.8391608391608393
batch_13,184,4,0.1258741258741259,1,0.7272727272727274,3,0.6573426573426573
batch_13,185,5,0.7482517482517484,6,0.5664335664335665,2,0.4265734265734266
batch_13,186,3,0.04895104895104895,1,0.6713286713286714,4,0.5314685314685316
batch_13,187,6,-0.034965034965034975,6,0.7132867132867133,1,0.17482517482517487
batch_13,188,1,0.027972027972027972,3,0.7062937062937064,3,0.5384615384615385
batch_13,189,4,-0.3216783216783217,1,0.8041958041958043,5,0.8111888111888113
batch_13,18,1,0.7202797202797203,3,0.6223776223776225,3,0.23076923076923078
batch_13,190,1,0.2377622377622378,5,0.16083916083916086,1,0.7482517482517484
batch_13,191,8,-0.22377622377622378,3,0.6573426573426573,5,0.6013986013986015
batch_13,192,11,-0.21678321678321683,2,0.7622377622377624,1,0.9020979020979022
batch_13,193,11,0.06993006993006995,1,0.5594405594405596,1,0.7762237762237763
batch_13,194,3,-0.1958041958041958,1,0.7202797202797203,3,0.7062937062937064
batch_13,195,9,0.30069930069930073,3,0.3076923076923077,1,0.8531468531468532
batch_13,196,1,0.3356643356643357,1,0.8531468531468532,7,0.09090909090909093
batch_13,197,1,-0.055944055944055944,1,0.8251748251748254,8,0.41958041958041964
batch_13,198,3,0.4125874125874127,5,0.46153846153846156,1,0.39860139860139865
batch_13,199,4,0.22377622377622378,1,0.6223776223776225,2,0.8391608391608393
batch_13,19,1,0.6643356643356644,2,0.7832167832167832,2,0.7342657342657343
batch_13,1,1,0.37762237762237766,1,0.5804195804195805,4,0.49650349650349657
batch_13,200,6,0.2517482517482518,1,0.8391608391608393,2,0.7132867132867133
batch_13,201,5,0.16083916083916086,1,0.4895104895104896,5,0.7412587412587414
batch_13,202,2,0.2797202797202798,2,0.8111888111888113,2,0.4545454545454546
batch_13,203,9,0.2027972027972028,3,0.6993006993006995,2,0.7552447552447553
batch_13,204,1,0.6923076923076924,5,0.5104895104895105,3,0.6153846153846154
batch_13,205,5,0.055944055944055944,2,0.7622377622377624,4,0.6223776223776225
batch_13,206,4,0.0,1,0.7272727272727274,2,0.7762237762237763
batch_13,207,7,0.034965034965034975,2,0.7202797202797203,1,0.6853146853146854
batch_13,208,7,0.4895104895104896,2,0.8181818181818183,1,0.6293706293706295
batch_13,209,3,0.055944055944055944,1,0.7832167832167832,6,0.5594405594405596
batch_13,20,8,-0.08391608391608392,2,0.7272727272727274,1,0.6643356643356644
batch_13,210,10,-0.5244755244755246,1,0.8111888111888113,2,0.6013986013986015
batch_13,211,9,0.21678321678321683,1,0.7412587412587414,2,0.6013986013986015
batch_13,212,12,-0.34965034965034975,3,0.7902097902097903,1,0.34965034965034975
batch_13,213,1,0.2657342657342658,2,0.9300699300699302,4,0.6503496503496504
batch_13,214,6,-0.27272727272727276,2,0.5594405594405596,1,0.8531468531468532
batch_13,215,2,0.8461538461538463,2,0.6223776223776225,4,0.6293706293706295
batch_13,216,3,0.8251748251748254,1,0.6713286713286714,7,0.2377622377622378
batch_13,217,3,-0.027972027972027972,2,0.5034965034965035,3,0.6713286713286714
batch_13,218,6,-0.07692307692307693,1,0.3846153846153847,4,0.7342657342657343
batch_13,219,8,-0.5384615384615385,1,0.6433566433566434,4,0.4825174825174825
batch_13,21,1,0.6293706293706295,2,0.6923076923076924,4,0.2937062937062937
batch_13,220,11,-0.4825174825174825,3,0.8321678321678322,1,0.4685314685314686
batch_13,221,12,-0.16083916083916086,1,0.5174825174825175,7,0.5734265734265735
batch_13,222,1,0.8321678321678322,6,0.44755244755244755,3,0.5454545454545455
batch_13,223,4,0.3916083916083916,1,0.6713286713286714,1,0.8531468531468532
batch_13,224,3,0.7132867132867133,2,0.3706293706293707,1,0.43356643356643365
batch_13,225,10,-0.16083916083916086,2,0.7412587412587414,6,0.39860139860139865
batch_13,226,11,-0.3916083916083916,1,0.7272727272727274,3,0.6013986013986015
batch_13,227,5,0.4825174825174825,2,0.7202797202797203,1,0.9510489510489512
batch_13,228,4,-0.006993006993006993,3,0.8251748251748254,2,0.11188811188811189
batch_13,229,12,-0.4545454545454546,1,0.4825174825174825,6,0.7552447552447553
batch_13,22,3,0.5874125874125874,3,0.9370629370629372,1,0.9720279720279721
batch_13,230,3,0.30069930069930073,2,0.9090909090909092,1,0.7482517482517484
batch_13,231,2,0.9580419580419581,1,0.8671328671328673,3,0.16783216783216784
batch_13,232,6,0.7202797202797203,1,0.5804195804195805,2,0.2377622377622378
batch_13,233,11,-0.25874125874125875,6,0.7412587412587414,3,0.1258741258741259
batch_13,234,5,0.18881118881118883,5,0.6923076923076924,1,0.2027972027972028
batch_13,235,1,0.4265734265734266,7,0.6293706293706295,2,0.3356643356643357
batch_13,236,4,0.6643356643356644,3,0.39860139860139865,5,0.08391608391608392
batch_13,237,2,0.1188811188811189,1,0.6713286713286714,7,0.2447552447552448
batch_13,238,6,0.4755244755244756,5,0.8741258741258742,1,0.6083916083916086
batch_13,239,7,0.6993006993006995,1,0.9440559440559443,1,0.6083916083916086
batch_13,23,3,-0.1258741258741259,1,0.8391608391608393,1,0.6783216783216784
batch_13,240,8,0.2657342657342658,1,0.7622377622377624,6,0.6013986013986015
batch_13,241,11,0.027972027972027972,1,0.7482517482517484,1,0.7342657342657343
batch_13,242,5,-0.027972027972027972,1,0.7762237762237763,1,0.7132867132867133
batch_13,243,3,0.2027972027972028,2,0.5874125874125874,2,0.8881118881118882
batch_13,244,11,-0.6643356643356644,4,0.2027972027972028,2,0.7202797202797203
batch_13,245,2,0.7412587412587414,1,0.21678321678321683,4,0.5314685314685316
batch_13,246,7,0.11188811188811189,7,0.07692307692307693,2,0.7972027972027973
batch_13,247,1,0.5454545454545455,4,0.5664335664335665,2,0.7202797202797203
batch_13,248,5,0.5454545454545455,4,0.5034965034965035,2,0.4895104895104896
batch_13,249,12,0.17482517482517487,1,0.6573426573426573,4,0.39860139860139865
batch_13,24,1,0.1958041958041958,1,0.8111888111888113,7,0.5804195804195805
batch_13,25,5,0.2517482517482518,4,0.5804195804195805,1,0.8041958041958043
batch_13,26,9,-0.06993006993006995,2,0.6643356643356644,1,0.6853146853146854
batch_13,27,1,0.2867132867132868,1,0.8041958041958043,3,0.8741258741258742
batch_13,28,8,0.30069930069930073,1,0.8391608391608393,3,0.7342657342657343
batch_13,29,9,-0.1258741258741259,1,0.5734265734265735,5,0.7762237762237763
batch_13,2,9,-0.1258741258741259,2,0.7482517482517484,2,0.7762237762237763
batch_13,30,5,0.7622377622377624,9,0.16083916083916086,1,0.27272727272727276
batch_13,31,8,0.30069930069930073,1,0.7202797202797203,4,0.7762237762237763
batch_13,32,3,0.9160839160839163,1,0.5804195804195805,2,-0.07692307692307693
batch_13,33,11,-0.5174825174825175,2,0.6083916083916086,3,0.8601398601398602
batch_13,34,4,-0.08391608391608392,2,0.6573426573426573,2,0.6083916083916086
batch_13,35,11,-0.06993006993006995,1,0.7202797202797203,1,0.6783216783216784
batch_13,36,1,0.31468531468531474,1,0.7202797202797203,5,0.5524475524475525
batch_13,37,9,-0.08391608391608392,1,0.7832167832167832,5,0.5734265734265735
batch_13,38,10,0.15384615384615385,1,0.7132867132867133,8,0.2797202797202798
batch_13,39,5,-0.055944055944055944,3,0.9300699300699302,2,0.6013986013986015
batch_13,3,7,-0.20979020979020982,1,0.5804195804195805,1,0.5944055944055945
batch_13,40,6,0.23076923076923078,1,0.41958041958041964,8,0.3076923076923077
batch_13,41,3,0.11188811188811189,1,0.5734265734265735,5,0.5944055944055945
batch_13,42,11,-0.21678321678321683,1,0.9440559440559443,3,0.9020979020979022
batch_13,43,5,0.04195804195804196,2,0.8531468531468532,2,0.8391608391608393
batch_13,44,2,0.9300699300699302,2,0.22377622377622378,4,0.8531468531468532
batch_13,45,2,0.5104895104895105,1,0.6993006993006995,2,0.4825174825174825
batch_13,46,3,0.08391608391608392,1,0.5734265734265735,1,0.8741258741258742
batch_13,47,2,-0.006993006993006993,2,0.6993006993006995,4,0.35664335664335667
batch_13,48,6,0.2517482517482518,2,0.7062937062937064,1,0.7132867132867133
batch_13,49,9,0.013986013986013986,4,0.8671328671328673,1,0.5804195804195805
batch_13,4,1,0.055944055944055944,4,0.7552447552447553,3,0.7762237762237763
batch_13,50,3,0.10489510489510491,1,0.7622377622377624,2,0.4265734265734266
batch_13,51,2,0.7062937062937064,1,0.32867132867132864,5,0.2447552447552448
batch_13,52,8,0.21678321678321683,2,0.7342657342657343,2,0.6083916083916086
batch_13,53,10,-0.25874125874125875,1,0.7762237762237763,4,0.4895104895104896
batch_13,54,2,-0.04895104895104895,1,0.7902097902097903,5,0.37762237762237766
batch_13,55,10,0.1398601398601399,1,0.7202797202797203,4,0.6083916083916086
batch_13,56,1,-0.04195804195804196,1,0.6293706293706295,3,0.7202797202797203
batch_13,57,3,0.2797202797202798,3,0.7552447552447553,1,0.39860139860139865
batch_13,58,4,0.35664335664335667,3,0.49650349650349657,3,0.6573426573426573
batch_13,59,1,0.7902097902097903,1,0.7482517482517484,5,0.3916083916083916
batch_13,5,11,-0.25874125874125875,5,0.8041958041958043,1,0.7272727272727274
batch_13,60,3,-0.18881118881118883,4,0.8251748251748254,2,0.7202797202797203
batch_13,61,9,-0.034965034965034975,1,0.6083916083916086,2,0.6643356643356644
batch_13,62,6,0.44755244755244755,4,0.5734265734265735,1,0.44755244755244755
batch_13,63,3,0.18881118881118883,2,0.41958041958041964,1,0.8111888111888113
batch_13,64,1,0.5034965034965035,4,0.6223776223776225,4,0.7342657342657343
batch_13,65,2,0.8531468531468532,4,0.027972027972027972,8,0.2657342657342658
batch_13,66,10,0.16083916083916086,2,0.6923076923076924,4,0.7132867132867133
batch_13,67,11,-0.7132867132867133,3,0.6083916083916086,3,0.6153846153846154
batch_13,68,8,0.21678321678321683,3,0.6503496503496504,2,0.1398601398601399
batch_13,69,1,0.034965034965034975,5,0.7272727272727274,4,0.8741258741258742
batch_13,6,6,0.4895104895104896,2,-0.006993006993006993,5,0.4755244755244756
batch_13,70,7,0.4055944055944056,1,0.6293706293706295,4,0.7342657342657343
batch_13,71,4,0.21678321678321683,3,0.5664335664335665,2,0.4685314685314686
batch_13,72,5,-0.11188811188811189,1,0.7692307692307694,1,0.41958041958041964
batch_13,73,4,0.4825174825174825,2,0.6503496503496504,3,0.5314685314685316
batch_13,74,10,-0.027972027972027972,2,0.8391608391608393,4,0.5524475524475525
batch_13,75,6,-0.1398601398601399,4,0.4755244755244756,2,0.49650349650349657
batch_13,76,1,0.3706293706293707,1,0.5454545454545455,1,0.5594405594405596
batch_13,77,3,-0.2867132867132868,10,0.4125874125874127,1,0.6223776223776225
batch_13,78,1,0.8461538461538463,5,0.7972027972027973,1,0.034965034965034975
batch_13,79,11,0.34965034965034975,5,0.7272727272727274,1,0.37762237762237766
batch_13,7,6,-0.055944055944055944,2,0.7902097902097903,2,0.46153846153846156
batch_13,80,1,0.1188811188811189,5,0.6853146853146854,2,0.3356643356643357
batch_13,81,1,0.35664335664335667,1,0.6153846153846154,7,0.4055944055944056
batch_13,82,5,0.4055944055944056,3,0.8671328671328673,2,0.3426573426573427
batch_13,83,9,-0.34965034965034975,1,0.6153846153846154,2,0.6573426573426573
batch_13,84,7,0.5804195804195805,1,0.7762237762237763,2,0.5034965034965035
batch_13,85,4,0.3636363636363637,1,0.6013986013986015,4,0.7622377622377624
batch_13,86,4,0.3356643356643357,3,0.6853146853146854,1,0.5314685314685316
batch_13,87,8,-0.08391608391608392,2,0.6293706293706295,1,0.6923076923076924
batch_13,88,12,0.055944055944055944,2,0.4895104895104896,4,0.6993006993006995
batch_13,89,10,-0.5734265734265735,1,0.8881118881118882,6,0.4125874125874127
batch_13,8,1,0.37762237762237766,6,0.5944055944055945,2,0.7832167832167832
batch_13,90,6,-0.2517482517482518,2,0.6923076923076924,2,0.7202797202797203
batch_13,91,4,0.4055944055944056,1,0.8111888111888113,1,0.7762237762237763
batch_13,92,3,0.6503496503496504,1,0.5244755244755246,11,-0.25874125874125875
batch_13,93,9,0.4545454545454546,1,0.7972027972027973,2,0.9160839160839163
batch_13,94,4,0.5454545454545455,2,0.5034965034965035,5,0.22377622377622378
batch_13,95,1,0.5454545454545455,5,0.7132867132867133,2,0.5664335664335665
batch_13,96,3,0.14685314685314685,5,0.5804195804195805,3,0.1258741258741259
batch_13,97,11,-0.4055944055944056,1,0.6923076923076924,6,0.4685314685314686
batch_13,98,12,0.055944055944055944,1,0.5174825174825175,2,0.6293706293706295
batch_13,99,3,0.2027972027972028,2,0.41958041958041964,2,0.7832167832167832
batch_13,9,7,-0.2797202797202798,3,0.5664335664335665,2,0.8671328671328673
batch_14,0,3,-0.1328671328671329,3,0.9440559440559443,3,0.25874125874125875
batch_14,100,2,0.5174825174825175,2,0.8321678321678322,1,0.7832167832167832
batch_14,101,2,0.8321678321678322,1,0.5244755244755246,5,0.44055944055944063
batch_14,102,2,0.7132867132867133,4,0.5244755244755246,2,0.5174825174825175
batch_14,103,4,-0.2797202797202798,1,0.7902097902097903,5,0.4825174825174825
batch_14,104,9,0.06293706293706294,2,0.7552447552447553,3,0.4755244755244756
batch_14,105,12,-0.21678321678321683,1,0.5874125874125874,5,0.7272727272727274
batch_14,106,1,0.08391608391608392,4,0.6783216783216784,3,0.6223776223776225
batch_14,107,8,0.3636363636363637,2,0.5174825174825175,4,0.7972027972027973
batch_14,108,1,0.3636363636363637,1,0.7622377622377624,4,0.0979020979020979
batch_14,109,4,0.006993006993006993,6,0.6293706293706295,2,0.3636363636363637
batch_14,10,3,0.8951048951048951,1,0.3916083916083916,1,0.5944055944055945
batch_14,110,12,-0.18881118881118883,1,0.8811188811188813,1,0.8601398601398602
batch_14,111,2,0.7482517482517484,4,0.4265734265734266,6,-0.1328671328671329
batch_14,112,1,0.1398601398601399,1,0.8951048951048951,1,0.6503496503496504
batch_14,113,10,-0.2937062937062937,1,0.49650349650349657,4,0.8741258741258742
batch_14,114,4,0.30069930069930073,3,0.8111888111888113,3,0.22377622377622378
batch_14,115,3,0.21678321678321683,1,0.8391608391608393,3,0.7972027972027973
batch_14,116,8,0.14685314685314685,4,0.7762237762237763,1,0.6713286713286714
batch_14,117,2,0.2937062937062937,8,0.5034965034965035,3,0.6083916083916086
batch_14,118,3,0.18881118881118883,4,0.6643356643356644,2,0.8671328671328673
batch_14,119,3,0.5384615384615385,1,0.5804195804195805,8,0.5874125874125874
batch_14,11,4,0.25874125874125875,8,0.6153846153846154,2,0.3216783216783217
batch_14,120,1,0.7622377622377624,1,0.8461538461538463,1,0.7132867132867133
batch_14,121,1,0.1958041958041958,2,0.6013986013986015,2,0.6013986013986015
batch_14,122,4,0.5174825174825175,3,0.6153846153846154,1,0.7622377622377624
batch_14,123,2,0.2027972027972028,3,0.7902097902097903,1,0.8531468531468532
batch_14,124,8,-0.013986013986013986,1,0.8601398601398602,6,0.5874125874125874
batch_14,125,6,-0.08391608391608392,6,0.5804195804195805,3,0.44755244755244755
batch_14,126,5,0.49650349650349657,1,0.7622377622377624,3,0.3636363636363637
batch_14,127,9,0.18181818181818185,2,0.7552447552447553,4,0.4125874125874127
batch_14,128,1,0.8181818181818183,3,0.8531468531468532,3,0.5944055944055945
batch_14,129,5,0.34965034965034975,1,0.5664335664335665,1,0.7692307692307694
batch_14,12,11,-0.18881118881118883,3,0.8811188811188813,1,0.8391608391608393
batch_14,130,4,0.7552447552447553,4,0.37762237762237766,1,0.37762237762237766
batch_14,131,4,0.7762237762237763,1,0.49650349650349657,8,-0.09090909090909093
batch_14,132,3,0.5874125874125874,4,0.7692307692307694,1,0.2797202797202798
batch_14,133,1,0.32867132867132864,3,0.7132867132867133,1,0.8391608391608393
batch_14,134,6,-0.006993006993006993,1,0.8881118881118882,3,0.6153846153846154
batch_14,135,6,0.2447552447552448,1,0.7412587412587414,3,0.6643356643356644
batch_14,136,12,-0.16083916083916086,2,0.7972027972027973,2,0.49650349650349657
batch_14,137,1,0.4825174825174825,2,0.7762237762237763,4,0.5944055944055945
batch_14,138,4,0.8391608391608393,1,0.6573426573426573,1,0.6083916083916086
batch_14,139,9,0.07692307692307693,1,0.6993006993006995,9,0.44055944055944063
batch_14,13,4,0.3916083916083916,3,0.8321678321678322,1,0.8461538461538463
batch_14,140,1,0.6433566433566434,4,0.18881118881118883,7,-0.1258741258741259
batch_14,141,7,0.18881118881118883,1,0.7972027972027973,3,0.7762237762237763
batch_14,142,2,0.7622377622377624,1,0.1258741258741259,9,0.44755244755244755
batch_14,143,6,-0.2027972027972028,1,0.5734265734265735,7,0.4055944055944056
batch_14,144,1,0.22377622377622378,4,0.8321678321678322,3,0.3356643356643357
batch_14,145,5,-0.006993006993006993,3,0.7132867132867133,4,0.6993006993006995
batch_14,146,11,-0.39860139860139865,4,0.7202797202797203,1,0.3846153846153847
batch_14,147,7,-0.17482517482517487,1,0.9020979020979022,4,0.3356643356643357
batch_14,148,3,0.055944055944055944,4,0.6153846153846154,2,0.8321678321678322
batch_14,149,5,-0.04195804195804196,4,0.8391608391608393,2,0.8181818181818183
batch_14,14,5,0.8321678321678322,3,0.5594405594405596,1,0.11188811188811189
batch_14,150,4,0.2657342657342658,2,0.7552447552447553,4,0.3216783216783217
batch_14,151,2,0.6503496503496504,3,0.6573426573426573,3,0.5594405594405596
batch_14,152,7,-0.04195804195804196,3,0.5314685314685316,2,0.2517482517482518
batch_14,153,1,0.5174825174825175,5,0.41958041958041964,2,0.5524475524475525
batch_14,154,1,-0.0979020979020979,1,0.9020979020979022,2,0.8461538461538463
batch_14,155,5,0.7622377622377624,2,0.3356643356643357,6,0.5594405594405596
batch_14,156,2,0.9440559440559443,7,0.32867132867132864,1,-0.2867132867132868
batch_14,157,1,0.5104895104895105,1,0.6643356643356644,5,-0.04895104895104895
batch_14,158,5,0.1188811188811189,3,0.6853146853146854,2,0.43356643356643365
batch_14,159,7,0.0979020979020979,2,0.6853146853146854,4,0.7552447552447553
batch_14,15,2,0.6503496503496504,1,0.5664335664335665,5,0.7692307692307694
batch_14,160,12,-0.5734265734265735,2,0.8881118881118882,3,0.6223776223776225
batch_14,161,4,0.27272727272727276,1,0.8251748251748254,7,0.34965034965034975
batch_14,162,7,-0.27272727272727276,1,0.5804195804195805,1,0.7832167832167832
batch_14,163,1,0.3916083916083916,7,0.6363636363636365,1,0.31468531468531474
batch_14,164,2,0.2657342657342658,1,0.5384615384615385,6,0.6433566433566434
batch_14,165,4,-0.04195804195804196,1,0.6013986013986015,7,0.5244755244755246
batch_14,166,6,0.5944055944055945,2,0.6503496503496504,3,0.7972027972027973
batch_14,167,8,0.2447552447552448,5,0.6923076923076924,1,0.8041958041958043
batch_14,168,8,-0.07692307692307693,1,0.7622377622377624,1,0.4755244755244756
batch_14,169,12,-0.02097902097902098,1,0.7762237762237763,1,0.9230769230769231
batch_14,16,5,0.08391608391608392,1,0.7972027972027973,5,0.17482517482517487
batch_14,170,10,0.09090909090909093,3,0.9160839160839163,1,0.1398601398601399
batch_14,171,2,0.3706293706293707,5,0.4685314685314686,2,0.44055944055944063
batch_14,172,7,0.5384615384615385,5,0.4685314685314686,4,0.5524475524475525
batch_14,173,12,-0.09090909090909093,1,0.2377622377622378,5,0.8251748251748254
batch_14,174,1,0.4825174825174825,2,0.7902097902097903,3,0.7692307692307694
batch_14,175,1,0.3076923076923077,1,0.7972027972027973,10,0.31468531468531474
batch_14,176,8,0.07692307692307693,1,0.6713286713286714,3,0.7902097902097903
batch_14,177,10,-0.18181818181818185,3,0.4755244755244756,4,0.6573426573426573
batch_14,178,6,0.2657342657342658,3,0.7342657342657343,2,0.5034965034965035
batch_14,179,6,0.4685314685314686,1,0.7482517482517484,6,-0.17482517482517487
batch_14,17,8,0.4265734265734266,1,0.8461538461538463,1,0.7342657342657343
batch_14,180,5,-0.06293706293706294,1,0.31468531468531474,5,0.4895104895104896
batch_14,181,4,0.0979020979020979,1,0.43356643356643365,2,0.4545454545454546
batch_14,182,7,0.14685314685314685,2,0.49650349650349657,5,0.6013986013986015
batch_14,183,4,0.5314685314685316,4,0.43356643356643365,2,0.49650349650349657
batch_14,184,3,0.7552447552447553,5,0.34965034965034975,3,0.35664335664335667
batch_14,185,9,0.1188811188811189,2,0.7762237762237763,6,0.1328671328671329
batch_14,186,8,-0.11188811188811189,1,0.3076923076923077,3,0.6153846153846154
batch_14,187,2,0.0979020979020979,1,0.5804195804195805,3,0.34965034965034975
batch_14,188,8,0.2447552447552448,2,0.5524475524475525,3,0.8391608391608393
batch_14,189,6,0.2027972027972028,2,0.8041958041958043,4,0.6083916083916086
batch_14,18,3,0.2867132867132868,2,0.5594405594405596,1,0.7622377622377624
batch_14,190,7,-0.0979020979020979,1,0.6083916083916086,2,0.8251748251748254
batch_14,191,5,0.32867132867132864,6,0.5174825174825175,4,0.5734265734265735
batch_14,192,1,0.15384615384615385,1,0.7552447552447553,6,0.4545454545454546
batch_14,193,11,-0.3636363636363637,2,0.6363636363636365,1,0.5034965034965035
batch_14,194,1,0.6853146853146854,1,0.7552447552447553,6,0.5594405594405596
batch_14,195,10,-0.04195804195804196,4,0.7342657342657343,2,0.5314685314685316
batch_14,196,5,0.6783216783216784,1,0.46153846153846156,1,0.6153846153846154
batch_14,197,6,0.30069930069930073,1,0.5594405594405596,9,0.2797202797202798
batch_14,198,7,-0.25874125874125875,5,0.3636363636363637,1,0.6223776223776225
batch_14,199,7,-0.1328671328671329,2,0.8391608391608393,1,0.5244755244755246
batch_14,19,3,0.5664335664335665,9,0.39860139860139865,1,0.5034965034965035
batch_14,1,2,0.6643356643356644,1,0.7622377622377624,1,0.7552447552447553
batch_14,200,2,0.8811188811188813,1,0.20979020979020982,4,0.5454545454545455
batch_14,201,10,-0.3076923076923077,3,0.8601398601398602,2,0.7482517482517484
batch_14,202,3,0.4125874125874127,1,0.6643356643356644,8,0.4265734265734266
batch_14,203,3,0.3216783216783217,1,0.8881118881118882,1,0.0979020979020979
batch_14,204,1,0.7622377622377624,2,0.39860139860139865,1,0.44055944055944063
batch_14,205,4,0.39860139860139865,2,0.46153846153846156,3,0.8531468531468532
batch_14,206,7,0.10489510489510491,3,0.5734265734265735,3,0.2517482517482518
batch_14,207,9,-0.1258741258741259,2,0.8811188811188813,1,0.8461538461538463
batch_14,208,4,0.22377622377622378,1,0.9160839160839163,8,0.6153846153846154
batch_14,209,2,0.02097902097902098,2,0.7692307692307694,1,0.6503496503496504
batch_14,20,1,0.5944055944055945,6,0.41958041958041964,3,0.4685314685314686
batch_14,210,7,-0.027972027972027972,2,0.7622377622377624,3,0.7482517482517484
batch_14,211,4,0.3356643356643357,3,0.5594405594405596,2,0.3846153846153847
batch_14,212,9,0.46153846153846156,4,0.1188811188811189,4,0.8041958041958043
batch_14,213,3,-0.006993006993006993,1,0.8531468531468532,12,0.2657342657342658
batch_14,214,3,0.2937062937062937,1,0.5874125874125874,4,0.6923076923076924
batch_14,215,5,-0.4265734265734266,2,0.7132867132867133,3,0.7762237762237763
batch_14,216,11,-0.02097902097902098,1,0.5454545454545455,5,0.7342657342657343
batch_14,217,9,-0.09090909090909093,3,0.8461538461538463,1,0.6993006993006995
batch_14,218,9,-0.04895104895104895,1,0.8671328671328673,1,0.5594405594405596
batch_14,219,1,0.4755244755244756,2,0.7972027972027973,6,0.4755244755244756
batch_14,21,1,0.32867132867132864,1,0.4755244755244756,2,0.9300699300699302
batch_14,220,11,-0.3426573426573427,2,0.6573426573426573,2,0.5454545454545455
batch_14,221,2,0.5174825174825175,2,0.5174825174825175,1,0.5314685314685316
batch_14,222,6,-0.17482517482517487,1,0.6923076923076924,1,0.8111888111888113
batch_14,223,1,0.1398601398601399,4,0.6503496503496504,4,0.2937062937062937
batch_14,224,3,0.08391608391608392,3,0.5804195804195805,3,0.7412587412587414
batch_14,225,2,0.21678321678321683,1,0.8391608391608393,5,0.7062937062937064
batch_14,226,4,-0.41958041958041964,3,0.7342657342657343,3,0.15384615384615385
batch_14,227,3,0.6853146853146854,4,0.5804195804195805,5,0.31468531468531474
batch_14,228,4,0.3916083916083916,5,0.5874125874125874,1,0.49650349650349657
batch_14,229,1,0.6993006993006995,1,0.7482517482517484,8,0.2657342657342658
batch_14,22,2,0.8111888111888113,2,0.6433566433566434,4,0.6013986013986015
batch_14,230,2,0.8181818181818183,5,0.39860139860139865,1,0.2447552447552448
batch_14,231,10,-0.0979020979020979,2,0.7762237762237763,5,0.7062937062937064
batch_14,232,7,0.3916083916083916,4,0.8741258741258742,1,0.46153846153846156
batch_14,233,6,0.32867132867132864,2,0.5734265734265735,3,0.7692307692307694
batch_14,234,11,-0.16083916083916086,1,0.4755244755244756,8,0.08391608391608392
batch_14,235,7,0.30069930069930073,2,0.7902097902097903,2,0.8461538461538463
batch_14,236,1,0.7482517482517484,11,-0.3216783216783217,2,0.4755244755244756
batch_14,237,2,0.49650349650349657,1,0.8111888111888113,3,0.7552447552447553
batch_14,238,9,-0.08391608391608392,1,0.7552447552447553,4,0.7272727272727274
batch_14,239,12,0.16083916083916086,2,0.7412587412587414,4,0.5314685314685316
batch_14,23,9,0.04895104895104895,3,0.027972027972027972,5,0.7272727272727274
batch_14,240,2,-0.1258741258741259,1,0.4755244755244756,8,0.34965034965034975
batch_14,241,1,0.8531468531468532,8,-0.1258741258741259,3,0.44755244755244755
batch_14,242,12,0.14685314685314685,2,0.4265734265734266,6,0.4685314685314686
batch_14,243,6,0.14685314685314685,1,0.8531468531468532,4,-0.006993006993006993
batch_14,244,3,0.35664335664335667,1,0.6783216783216784,9,0.17482517482517487
batch_14,245,9,0.10489510489510491,4,0.8321678321678322,1,0.6993006993006995
batch_14,246,11,-0.6363636363636365,2,0.7902097902097903,2,0.7692307692307694
batch_14,247,11,-0.2867132867132868,2,0.6083916083916086,5,0.5104895104895105
batch_14,248,10,-0.1258741258741259,3,0.8601398601398602,1,0.4685314685314686
batch_14,249,2,0.7342657342657343,2,0.7342657342657343,3,0.5314685314685316
batch_14,24,7,-0.08391608391608392,3,0.6783216783216784,2,0.49650349650349657
batch_14,25,1,0.07692307692307693,1,0.5454545454545455,3,0.49650349650349657
batch_14,26,2,0.7622377622377624,5,0.5384615384615385,2,0.8251748251748254
batch_14,27,4,0.1328671328671329,3,0.5454545454545455,1,0.5734265734265735
batch_14,28,7,0.18881118881118883,2,0.44055944055944063,3,0.8671328671328673
batch_14,29,5,-0.06993006993006995,3,0.2447552447552448,3,0.7622377622377624
batch_14,2,11,-0.2447552447552448,1,0.35664335664335667,3,0.7552447552447553
batch_14,30,6,0.7062937062937064,1,0.5104895104895105,3,0.8531468531468532
batch_14,31,2,0.027972027972027972,3,0.7622377622377624,2,0.7202797202797203
batch_14,32,4,0.5874125874125874,5,0.32867132867132864,2,0.41958041958041964
batch_14,33,8,-0.5104895104895105,2,0.9090909090909092,1,0.9230769230769231
batch_14,34,7,0.2937062937062937,2,0.7832167832167832,1,0.6643356643356644
batch_14,35,10,-0.3706293706293707,1,0.7272727272727274,5,0.6153846153846154
batch_14,36,7,-0.30069930069930073,1,0.7132867132867133,3,0.5804195804195805
batch_14,37,10,0.2447552447552448,1,0.7062937062937064,3,0.7482517482517484
batch_14,38,12,-0.1398601398601399,1,0.5034965034965035,6,0.8461538461538463
batch_14,39,8,0.07692307692307693,1,0.8741258741258742,2,0.7552447552447553
batch_14,3,4,0.06993006993006995,1,0.8391608391608393,6,0.34965034965034975
batch_14,40,8,0.4895104895104896,4,0.6013986013986015,1,0.7692307692307694
batch_14,41,8,-0.37762237762237766,2,0.2377622377622378,7,0.4685314685314686
batch_14,42,8,-0.02097902097902098,3,0.6293706293706295,3,0.3636363636363637
batch_14,43,1,0.6573426573426573,2,0.5104895104895105,8,-0.034965034965034975
batch_14,44,10,-0.1258741258741259,1,0.7692307692307694,4,0.41958041958041964
batch_14,45,4,0.3356643356643357,4,0.7622377622377624,1,0.31468531468531474
batch_14,46,10,-0.25874125874125875,1,0.41958041958041964,6,0.4125874125874127
batch_14,47,7,0.2937062937062937,1,0.6853146853146854,4,0.2797202797202798
batch_14,48,3,0.2027972027972028,4,0.5594405594405596,2,0.7482517482517484
batch_14,49,2,0.3216783216783217,2,0.8391608391608393,2,0.39860139860139865
batch_14,4,9,-0.8391608391608393,3,0.8111888111888113,1,0.7202797202797203
batch_14,50,2,0.25874125874125875,1,0.8531468531468532,8,0.3706293706293707
batch_14,51,2,0.5174825174825175,1,0.7132867132867133,5,0.6293706293706295
batch_14,52,3,0.39860139860139865,4,0.5244755244755246,1,0.7832167832167832
batch_14,53,7,0.027972027972027972,1,0.7132867132867133,2,0.6363636363636365
batch_14,54,9,-0.11188811188811189,2,0.8391608391608393,2,0.6573426573426573
batch_14,55,1,-0.027972027972027972,1,0.6293706293706295,2,0.8041958041958043
batch_14,56,10,0.2517482517482518,1,0.7272727272727274,5,0.8111888111888113
batch_14,57,1,0.2867132867132868,1,0.7132867132867133,2,0.1958041958041958
batch_14,58,2,0.3636363636363637,1,0.5594405594405596,7,0.6713286713286714
batch_14,59,5,0.2027972027972028,4,-0.0979020979020979,4,0.6783216783216784
batch_14,5,11,-0.21678321678321683,4,0.44055944055944063,2,0.6853146853146854
batch_14,60,5,0.5454545454545455,3,0.8181818181818183,1,0.7132867132867133
batch_14,61,9,-0.04195804195804196,1,0.8531468531468532,2,0.7552447552447553
batch_14,62,7,-0.1958041958041958,2,0.6293706293706295,3,0.7412587412587414
batch_14,63,6,0.5384615384615385,4,0.5804195804195805,3,0.4825174825174825
batch_14,64,2,0.7622377622377624,1,0.3706293706293707,4,-0.1398601398601399
batch_14,65,2,0.02097902097902098,1,0.6923076923076924,3,0.7972027972027973
batch_14,66,7,0.4265734265734266,11,-0.3076923076923077,1,0.6013986013986015
batch_14,67,9,0.013986013986013986,2,0.35664335664335667,3,0.6993006993006995
batch_14,68,11,0.02097902097902098,1,0.6923076923076924,4,0.5664335664335665
batch_14,69,2,0.34965034965034975,2,0.7132867132867133,7,0.09090909090909093
batch_14,6,8,-0.0979020979020979,2,0.4055944055944056,4,0.8461538461538463
batch_14,70,8,0.22377622377622378,1,0.8531468531468532,3,0.7342657342657343
batch_14,71,11,-0.3706293706293707,1,0.5104895104895105,2,0.7832167832167832
batch_14,72,5,0.6783216783216784,7,0.5384615384615385,1,-0.06993006993006995
batch_14,73,9,0.055944055944055944,3,0.8391608391608393,1,0.6783216783216784
batch_14,74,2,0.43356643356643365,4,0.6643356643356644,1,0.4545454545454546
batch_14,75,2,0.4685314685314686,2,0.5664335664335665,1,0.6783216783216784
batch_14,76,9,0.15384615384615385,3,0.5244755244755246,4,0.6853146853146854
batch_14,77,8,0.6293706293706295,1,0.6783216783216784,5,0.4825174825174825
batch_14,78,1,-0.013986013986013986,1,0.7692307692307694,8,0.20979020979020982
batch_14,79,6,0.18181818181818185,1,0.3216783216783217,3,0.6433566433566434
batch_14,7,2,-0.1258741258741259,1,0.7342657342657343,1,0.8321678321678322
batch_14,80,8,-0.22377622377622378,1,0.6083916083916086,1,0.6153846153846154
batch_14,81,1,-0.2797202797202798,1,0.7622377622377624,4,0.6013986013986015
batch_14,82,4,0.5104895104895105,2,0.8251748251748254,1,0.7762237762237763
batch_14,83,3,-0.46153846153846156,1,0.9370629370629372,3,0.8601398601398602
batch_14,84,3,0.25874125874125875,1,0.4755244755244756,2,0.8531468531468532
batch_14,85,6,0.7482517482517484,7,0.7692307692307694,5,-0.1958041958041958
batch_14,86,6,-0.3216783216783217,4,0.8391608391608393,1,0.3706293706293707
batch_14,87,1,0.2657342657342658,1,0.7342657342657343,8,0.5734265734265735
batch_14,88,2,0.4545454545454546,1,0.8951048951048951,2,0.8951048951048951
batch_14,89,5,0.8741258741258742,5,0.04895104895104895,3,0.5734265734265735
batch_14,8,3,0.06293706293706294,3,0.8741258741258742,1,0.3706293706293707
batch_14,90,7,0.15384615384615385,1,0.7832167832167832,2,0.8041958041958043
batch_14,91,2,0.1398601398601399,2,0.6293706293706295,4,0.7552447552447553
batch_14,92,5,-0.2867132867132868,1,0.5594405594405596,3,0.6433566433566434
batch_14,93,6,-0.1188811188811189,1,0.7622377622377624,7,0.6433566433566434
batch_14,94,5,-0.2657342657342658,3,0.6013986013986015,2,0.5734265734265735
batch_14,95,4,0.49650349650349657,3,0.8181818181818183,3,0.6993006993006995
batch_14,96,8,0.5034965034965035,1,0.4825174825174825,4,0.46153846153846156
batch_14,97,4,0.37762237762237766,1,0.6573426573426573,2,0.7202797202797203
batch_14,98,10,0.25874125874125875,1,0.8391608391608393,1,0.8601398601398602
batch_14,99,6,-0.1958041958041958,2,0.7692307692307694,5,0.5874125874125874
batch_14,9,8,0.4755244755244756,3,0.6083916083916086,1,0.7482517482517484
batch_15,0,4,0.9230769230769231,10,-0.18881118881118883,3,0.0
batch_15,100,10,0.2447552447552448,5,0.7412587412587414,1,0.5384615384615385
batch_15,101,4,0.21678321678321683,6,0.43356643356643365,2,0.7832167832167832
batch_15,102,1,0.3706293706293707,3,0.8531468531468532,5,0.35664335664335667
batch_15,103,9,-0.41958041958041964,1,0.7412587412587414,3,0.7762237762237763
batch_15,104,10,-0.44055944055944063,1,0.8181818181818183,2,0.7482517482517484
batch_15,105,7,0.6153846153846154,7,0.2447552447552448,3,-0.027972027972027972
batch_15,106,9,-0.27272727272727276,4,0.7762237762237763,1,0.7902097902097903
batch_15,107,4,-0.0979020979020979,1,0.8671328671328673,2,0.9860139860139862
batch_15,108,8,-0.0979020979020979,2,0.6923076923076924,4,0.7622377622377624
batch_15,109,9,0.49650349650349657,3,0.7202797202797203,1,0.5384615384615385
batch_15,10,5,0.5804195804195805,3,0.44755244755244755,3,0.2377622377622378
batch_15,110,2,0.3706293706293707,1,0.8811188811188813,2,0.8181818181818183
batch_15,111,5,0.17482517482517487,1,0.8251748251748254,3,0.5524475524475525
batch_15,112,2,0.8531468531468532,1,-0.04195804195804196,1,0.3706293706293707
batch_15,113,9,0.06293706293706294,1,0.9160839160839163,1,0.7342657342657343
batch_15,114,2,0.7412587412587414,2,0.8251748251748254,8,-0.2027972027972028
batch_15,115,4,0.7762237762237763,1,0.02097902097902098,8,0.027972027972027972
batch_15,116,10,0.1958041958041958,3,0.5384615384615385,2,0.8111888111888113
batch_15,117,3,0.3846153846153847,3,0.44755244755244755,6,0.3076923076923077
batch_15,118,9,-0.2937062937062937,5,0.7272727272727274,1,0.5664335664335665
batch_15,119,4,0.013986013986013986,2,0.6013986013986015,1,0.6293706293706295
batch_15,11,1,0.20979020979020982,4,0.7412587412587414,1,0.5104895104895105
batch_15,120,2,0.3216783216783217,1,0.8111888111888113,3,0.7762237762237763
batch_15,121,5,0.1398601398601399,1,0.8181818181818183,7,0.22377622377622378
batch_15,122,5,0.5104895104895105,1,0.6713286713286714,3,0.6643356643356644
batch_15,123,7,0.0,1,0.35664335664335667,7,0.44055944055944063
batch_15,124,11,-0.1328671328671329,3,0.7832167832167832,6,0.32867132867132864
batch_15,125,5,0.3916083916083916,3,0.6293706293706295,1,0.8111888111888113
batch_15,126,1,0.3426573426573427,3,0.5944055944055945,5,0.3846153846153847
batch_15,127,2,0.1258741258741259,4,0.8041958041958043,1,0.7202797202797203
batch_15,128,4,0.5524475524475525,5,0.4825174825174825,1,0.8391608391608393
batch_15,129,4,0.06293706293706294,1,0.7062937062937064,1,0.8181818181818183
batch_15,12,1,0.6153846153846154,2,0.5664335664335665,5,0.8531468531468532
batch_15,130,10,-0.055944055944055944,2,0.7132867132867133,2,0.3846153846153847
batch_15,131,3,0.8321678321678322,3,0.6713286713286714,6,0.18181818181818185
batch_15,132,1,0.43356643356643365,1,0.5384615384615385,1,0.5874125874125874
batch_15,133,2,0.8321678321678322,8,-0.3216783216783217,5,0.25874125874125875
batch_15,134,8,0.46153846153846156,1,0.5664335664335665,12,0.21678321678321683
batch_15,135,7,0.4055944055944056,2,0.7202797202797203,2,0.5384615384615385
batch_15,136,8,0.3076923076923077,6,0.6223776223776225,2,0.4685314685314686
batch_15,137,3,0.18181818181818185,1,0.7832167832167832,6,0.4685314685314686
batch_15,138,2,0.5594405594405596,6,0.6503496503496504,6,0.2657342657342658
batch_15,139,6,0.5524475524475525,2,0.7062937062937064,2,0.34965034965034975
batch_15,13,6,0.3636363636363637,1,0.6713286713286714,1,0.8041958041958043
batch_15,140,5,0.5524475524475525,3,0.8111888111888113,2,0.2797202797202798
batch_15,141,2,0.20979020979020982,1,0.8461538461538463,3,0.6223776223776225
batch_15,142,5,0.27272727272727276,1,0.7272727272727274,8,0.5804195804195805
batch_15,143,1,0.21678321678321683,2,0.6923076923076924,6,0.5174825174825175
batch_15,144,7,-0.20979020979020982,1,0.6923076923076924,5,0.7972027972027973
batch_15,145,12,-0.41958041958041964,1,0.7622377622377624,3,0.3916083916083916
batch_15,146,9,-0.2867132867132868,2,0.6433566433566434,1,0.6923076923076924
batch_15,147,1,0.6573426573426573,2,0.7972027972027973,1,0.6783216783216784
batch_15,148,3,0.34965034965034975,3,0.7622377622377624,3,0.7482517482517484
batch_15,149,6,-0.23076923076923078,4,0.8671328671328673,1,0.6363636363636365
batch_15,14,1,0.09090909090909093,4,0.8041958041958043,2,0.7215422623884966
batch_15,150,11,-0.5314685314685316,5,0.7202797202797203,1,0.4895104895104896
batch_15,151,2,0.013986013986013986,1,0.7272727272727274,2,0.41958041958041964
batch_15,152,9,0.2657342657342658,3,0.7482517482517484,2,0.6083916083916086
batch_15,153,3,0.5104895104895105,4,0.8041958041958043,2,0.21678321678321683
batch_15,154,1,0.5454545454545455,3,0.4755244755244756,1,0.7342657342657343
batch_15,155,4,0.37762237762237766,2,0.7342657342657343,1,0.6923076923076924
batch_15,156,3,0.5174825174825175,1,0.2937062937062937,6,0.7202797202797203
batch_15,157,5,-0.44055944055944063,2,0.5384615384615385,6,0.6503496503496504
batch_15,158,9,0.16083916083916086,1,0.6503496503496504,5,0.5664335664335665
batch_15,159,9,-0.43356643356643365,1,0.6993006993006995,6,0.5944055944055945
batch_15,15,6,0.44755244755244755,1,0.5734265734265735,8,0.5384615384615385
batch_15,160,8,-0.44755244755244755,2,0.7552447552447553,4,0.18181818181818185
batch_15,161,8,0.16783216783216784,1,0.6503496503496504,1,0.9230769230769231
batch_15,162,11,-0.5104895104895105,3,0.6293706293706295,3,0.8601398601398602
batch_15,163,5,-0.4055944055944056,2,0.8951048951048951,2,0.37762237762237766
batch_15,164,2,0.8811188811188813,3,0.39860139860139865,1,-0.16083916083916086
batch_15,165,8,0.21678321678321683,4,0.5804195804195805,2,-0.013986013986013986
batch_15,166,2,-0.06293706293706294,2,0.7902097902097903,4,0.5874125874125874
batch_15,167,3,0.04195804195804196,1,0.7342657342657343,8,0.5524475524475525
batch_15,168,2,0.07692307692307693,1,0.6083916083916086,5,0.7692307692307694
batch_15,169,11,-0.6433566433566434,2,0.6503496503496504,4,0.35664335664335667
batch_15,16,5,0.21678321678321683,2,0.7902097902097903,2,0.43356643356643365
batch_15,170,10,-0.3636363636363637,2,0.7972027972027973,2,0.8391608391608393
batch_15,171,1,-0.013986013986013986,1,0.6363636363636365,3,0.44755244755244755
batch_15,172,6,0.43356643356643365,2,0.44755244755244755,3,0.4825174825174825
batch_15,173,8,0.2027972027972028,2,0.9020979020979022,1,0.4755244755244756
batch_15,174,3,0.7482517482517484,4,0.5244755244755246,1,0.7552447552447553
batch_15,175,1,0.06993006993006995,1,0.8111888111888113,3,0.6643356643356644
batch_15,176,6,-0.055944055944055944,3,0.5524475524475525,1,0.7552447552447553
batch_15,177,3,-0.4825174825174825,1,0.7342657342657343,2,0.8461538461538463
batch_15,178,8,0.39860139860139865,4,0.8181818181818183,2,0.6153846153846154
batch_15,179,5,0.4895104895104896,2,0.7832167832167832,2,0.6783216783216784
batch_15,17,4,0.44055944055944063,2,0.8041958041958043,1,0.5664335664335665
batch_15,180,11,0.14685314685314685,2,0.9160839160839163,1,0.6293706293706295
batch_15,181,2,0.3076923076923077,1,0.8461538461538463,2,0.8111888111888113
batch_15,182,5,0.8181818181818183,5,0.20979020979020982,2,0.04895104895104895
batch_15,183,2,0.7342657342657343,2,0.44055944055944063,6,0.2797202797202798
batch_15,184,6,0.41958041958041964,5,0.4895104895104896,1,0.4545454545454546
batch_15,185,2,0.6153846153846154,1,0.16083916083916086,1,0.44755244755244755
batch_15,186,8,-0.2867132867132868,2,0.8041958041958043,3,0.7342657342657343
batch_15,187,2,0.8391608391608393,2,0.44755244755244755,3,0.7412587412587414
batch_15,188,12,0.0979020979020979,1,0.8811188811188813,1,0.7692307692307694
batch_15,189,12,-0.10489510489510491,3,0.7482517482517484,1,0.7412587412587414
batch_15,18,8,-0.2937062937062937,2,0.6993006993006995,1,0.3916083916083916
batch_15,190,4,0.41958041958041964,1,0.4825174825174825,4,0.3426573426573427
batch_15,191,3,-0.2447552447552448,1,0.7902097902097903,4,0.6993006993006995
batch_15,192,10,-0.3076923076923077,2,0.7202797202797203,1,0.46153846153846156
batch_15,193,1,0.9860139860139862,2,0.5594405594405596,11,-0.055944055944055944
batch_15,194,3,0.21678321678321683,2,0.7552447552447553,6,0.5804195804195805
batch_15,195,6,0.18881118881118883,1,0.5664335664335665,6,0.7132867132867133
batch_15,196,2,0.7272727272727274,3,0.16083916083916086,1,0.6573426573426573
batch_15,197,10,-0.1188811188811189,2,0.6223776223776225,4,0.7552447552447553
batch_15,198,1,0.44055944055944063,2,0.5244755244755246,8,0.2657342657342658
batch_15,199,1,0.6713286713286714,1,0.6223776223776225,5,0.5664335664335665
batch_15,19,4,0.027972027972027972,3,0.6433566433566434,3,0.6643356643356644
batch_15,1,8,-0.1258741258741259,2,0.6363636363636365,3,0.6713286713286714
batch_15,200,7,-0.2517482517482518,1,0.7132867132867133,4,0.8811188811188813
batch_15,201,6,0.8741258741258742,2,0.5734265734265735,6,0.07692307692307693
batch_15,202,2,0.11188811188811189,3,0.9090909090909092,4,-0.2937062937062937
batch_15,203,2,0.3916083916083916,1,0.7692307692307694,4,0.7202797202797203
batch_15,204,5,0.013986013986013986,3,0.7832167832167832,1,0.7132867132867133
batch_15,205,2,0.6363636363636365,3,0.5734265734265735,4,0.5104895104895105
batch_15,206,5,-0.22377622377622378,6,0.7412587412587414,1,0.6783216783216784
batch_15,207,1,0.9370629370629372,1,0.2657342657342658,12,-0.06293706293706294
batch_15,208,5,0.17482517482517487,3,0.8251748251748254,1,0.5664335664335665
batch_15,209,3,0.7132867132867133,1,0.4125874125874127,5,0.055944055944055944
batch_15,20,2,0.31468531468531474,3,0.8461538461538463,1,0.4685314685314686
batch_15,210,2,0.04895104895104895,2,0.6503496503496504,4,0.5664335664335665
batch_15,211,4,0.15384615384615385,2,0.8531468531468532,3,0.055944055944055944
batch_15,212,3,0.16783216783216784,5,0.6853146853146854,1,0.39860139860139865
batch_15,213,5,0.7832167832167832,2,-0.055944055944055944,3,0.1188811188811189
batch_15,214,1,0.1258741258741259,2,0.3076923076923077,2,0.7902097902097903
batch_15,215,8,-0.027972027972027972,2,0.7622377622377624,3,0.6223776223776225
batch_15,216,4,0.2797202797202798,1,0.6223776223776225,4,0.3636363636363637
batch_15,217,2,0.46153846153846156,4,0.6853146853146854,1,0.7832167832167832
batch_15,218,2,0.5734265734265735,1,0.6363636363636365,6,0.21678321678321683
batch_15,219,1,-0.1328671328671329,1,0.7972027972027973,1,0.7272727272727274
batch_15,21,3,-0.39860139860139865,1,0.35664335664335667,9,0.5034965034965035
batch_15,220,1,0.32867132867132864,3,0.6783216783216784,2,0.7762237762237763
batch_15,221,10,0.3846153846153847,2,0.5314685314685316,2,0.6923076923076924
batch_15,222,4,0.7272727272727274,1,0.6713286713286714,2,0.04895104895104895
batch_15,223,12,-0.4055944055944056,2,0.6363636363636365,2,0.7832167832167832
batch_15,224,11,-0.41958041958041964,3,0.3076923076923077,3,0.49650349650349657
batch_15,225,11,0.30069930069930073,3,0.6993006993006995,2,0.4685314685314686
batch_15,226,8,-0.16783216783216784,2,0.8391608391608393,1,0.4895104895104896
batch_15,227,4,0.16083916083916086,1,0.7552447552447553,3,0.10489510489510491
batch_15,228,4,0.7272727272727274,9,0.2657342657342658,5,0.27272727272727276
batch_15,229,4,0.35664335664335667,1,0.7552447552447553,2,0.7972027972027973
batch_15,22,9,-0.2937062937062937,3,0.7202797202797203,3,0.7132867132867133
batch_15,230,10,-0.32867132867132864,2,0.7412587412587414,2,0.6713286713286714
batch_15,231,7,-0.2517482517482518,1,0.7062937062937064,8,0.35664335664335667
batch_15,232,5,0.6573426573426573,1,0.49650349650349657,8,0.44055944055944063
batch_15,233,6,0.35664335664335667,2,0.7342657342657343,3,0.8111888111888113
batch_15,234,10,0.25874125874125875,1,0.5384615384615385,4,0.7202797202797203
batch_15,235,6,0.0,3,0.5314685314685316,2,0.7272727272727274
batch_15,236,1,0.16783216783216784,1,0.5454545454545455,3,0.7062937062937064
batch_15,237,7,-0.04195804195804196,1,0.6083916083916086,2,0.7482517482517484
batch_15,238,6,0.6153846153846154,2,0.44755244755244755,1,0.5804195804195805
batch_15,239,6,0.3076923076923077,1,0.3356643356643357,6,0.49650349650349657
batch_15,23,12,0.1258741258741259,1,0.6853146853146854,1,0.6923076923076924
batch_15,240,2,0.006993006993006993,2,0.9020979020979022,2,0.8041958041958043
batch_15,241,7,0.7202797202797203,5,0.2027972027972028,3,0.4125874125874127
batch_15,242,10,-0.06993006993006995,1,0.7552447552447553,1,0.6503496503496504
batch_15,243,4,0.3636363636363637,1,0.7622377622377624,4,0.4895104895104896
batch_15,244,7,-0.2377622377622378,2,0.7202797202797203,1,0.8111888111888113
batch_15,245,5,-0.5804195804195805,3,0.9090909090909092,3,0.5314685314685316
batch_15,246,10,-0.1398601398601399,6,0.20979020979020982,1,0.6713286713286714
batch_15,247,4,0.7832167832167832,4,0.22377622377622378,2,0.4755244755244756
batch_15,248,7,-0.17482517482517487,2,0.6433566433566434,5,0.5244755244755246
batch_15,249,4,0.7692307692307694,1,0.32867132867132864,5,0.4265734265734266
batch_15,24,1,0.013986013986013986,1,0.8251748251748254,5,0.6223776223776225
batch_15,25,6,0.6013986013986015,6,0.31468531468531474,2,0.49650349650349657
batch_15,26,11,-0.16083916083916086,2,0.6013986013986015,1,0.8601398601398602
batch_15,27,6,0.16783216783216784,1,0.49650349650349657,2,0.7412587412587414
batch_15,28,1,0.7132867132867133,1,0.8041958041958043,4,0.44755244755244755
batch_15,29,10,-0.2657342657342658,2,0.6643356643356644,3,0.5944055944055945
batch_15,2,9,-0.1958041958041958,2,0.5944055944055945,3,0.6573426573426573
batch_15,30,5,-0.3356643356643357,1,0.7902097902097903,8,0.6993006993006995
batch_15,31,5,-0.11188811188811189,1,0.5454545454545455,3,0.5594405594405596
batch_15,32,10,-0.2867132867132868,7,0.2657342657342658,1,0.8671328671328673
batch_15,33,10,0.5734265734265735,3,0.5734265734265735,1,0.5104895104895105
batch_15,34,7,0.3216783216783217,2,0.8671328671328673,2,0.5454545454545455
batch_15,35,11,-0.27272727272727276,6,0.6223776223776225,1,0.5594405594405596
batch_15,36,2,0.5594405594405596,2,0.6153846153846154,2,0.5034965034965035
batch_15,37,11,-0.3706293706293707,3,0.7762237762237763,1,0.7552447552447553
batch_15,38,5,0.1958041958041958,1,0.4755244755244756,5,0.469352733786692
batch_15,39,4,0.02097902097902098,2,0.7622377622377624,8,-0.027972027972027972
batch_15,3,12,-0.22377622377622378,1,0.5314685314685316,7,0.6013986013986015
batch_15,40,3,-0.04195804195804196,2,0.7272727272727274,6,0.2867132867132868
batch_15,41,2,0.2447552447552448,2,0.5384615384615385,4,0.7622377622377624
batch_15,42,1,0.6363636363636365,1,0.8111888111888113,3,0.5594405594405596
batch_15,43,1,0.46153846153846156,1,0.8531468531468532,7,0.5664335664335665
batch_15,44,5,0.4685314685314686,9,0.44755244755244755,1,0.5734265734265735
batch_15,45,6,0.3846153846153847,3,0.6713286713286714,3,0.4895104895104896
batch_15,46,1,0.25874125874125875,7,0.5454545454545455,2,0.7202797202797203
batch_15,47,7,0.1188811188811189,1,0.6363636363636365,4,0.6923076923076924
batch_15,48,3,-0.1258741258741259,3,0.4055944055944056,1,0.5944055944055945
batch_15,49,5,0.4265734265734266,2,0.6433566433566434,2,0.44755244755244755
batch_15,4,2,-0.034965034965034975,1,0.7272727272727274,3,0.7132867132867133
batch_15,50,2,0.5804195804195805,1,0.5734265734265735,3,0.5874125874125874
batch_15,51,5,0.46153846153846156,1,0.49650349650349657,1,0.8111888111888113
batch_15,52,4,0.5804195804195805,1,0.8181818181818183,1,0.7202797202797203
batch_15,53,9,0.4265734265734266,4,0.9020979020979022,1,0.3076923076923077
batch_15,54,10,0.1328671328671329,3,0.8811188811188813,1,0.5314685314685316
batch_15,55,9,-0.44755244755244755,1,0.6923076923076924,2,0.6853146853146854
batch_15,56,2,-0.18881118881118883,5,0.8181818181818183,2,0.08391608391608392
batch_15,57,9,-0.09090909090909093,1,0.5944055944055945,6,0.2657342657342658
batch_15,58,2,0.2027972027972028,4,0.1398601398601399,4,0.7832167832167832
batch_15,59,4,0.23076923076923078,3,0.6433566433566434,1,0.6153846153846154
batch_15,5,3,0.4055944055944056,1,0.7762237762237763,2,0.6783216783216784
batch_15,60,4,-0.2657342657342658,2,0.46153846153846156,1,0.5104895104895105
batch_15,61,8,0.4055944055944056,1,0.7132867132867133,11,0.4125874125874127
batch_15,62,4,0.10489510489510491,2,0.5034965034965035,7,0.6363636363636365
batch_15,63,3,0.7342657342657343,1,0.3846153846153847,4,0.4055944055944056
batch_15,64,2,0.4125874125874127,1,0.7272727272727274,4,0.6573426573426573
batch_15,65,7,-0.7342657342657343,4,0.6573426573426573,3,0.5804195804195805
batch_15,66,4,0.46153846153846156,2,0.8391608391608393,7,0.6783216783216784
batch_15,67,11,-0.18881118881118883,1,0.8181818181818183,2,0.32867132867132864
batch_15,68,10,0.09090909090909093,1,0.7902097902097903,2,0.3916083916083916
batch_15,69,3,-0.14685314685314685,1,0.7272727272727274,1,0.8671328671328673
batch_15,6,1,0.7622377622377624,1,0.18881118881118883,8,0.5174825174825175
batch_15,70,10,-0.02097902097902098,1,0.7832167832167832,7,0.6293706293706295
batch_15,71,2,0.8671328671328673,1,0.3216783216783217,6,0.37762237762237766
batch_15,72,10,-0.1958041958041958,1,0.7202797202797203,2,0.7972027972027973
batch_15,73,1,0.49650349650349657,7,0.7062937062937064,1,0.5594405594405596
batch_15,74,11,-0.1258741258741259,1,0.44755244755244755,8,0.3076923076923077
batch_15,75,4,0.14685314685314685,2,0.9020979020979022,1,0.5244755244755246
batch_15,76,9,-0.22377622377622378,2,0.7692307692307694,1,0.6433566433566434
batch_15,77,2,0.41958041958041964,2,0.6783216783216784,5,0.6853146853146854
batch_15,78,10,-0.006993006993006993,3,0.8671328671328673,4,0.25874125874125875
batch_15,79,8,-0.2797202797202798,3,0.8391608391608393,5,0.34965034965034975
batch_15,7,12,-0.3216783216783217,5,0.23076923076923078,3,0.5664335664335665
batch_15,80,9,-0.04195804195804196,2,0.4895104895104896,1,0.7272727272727274
batch_15,81,7,0.04895104895104895,1,0.8811188811188813,1,0.8461538461538463
batch_15,82,7,0.2797202797202798,3,0.8181818181818183,1,0.4895104895104896
batch_15,83,1,0.3426573426573427,8,0.6643356643356644,1,0.43356643356643365
batch_15,84,3,0.2027972027972028,1,0.6853146853146854,1,0.9230769230769231
batch_15,85,9,0.10489510489510491,2,0.7972027972027973,1,0.8461538461538463
batch_15,86,4,0.20979020979020982,1,0.5384615384615385,4,0.5734265734265735
batch_15,87,4,-0.3636363636363637,2,0.7552447552447553,1,0.6923076923076924
batch_15,88,1,0.7622377622377624,4,0.6993006993006995,5,0.30069930069930073
batch_15,89,10,0.1398601398601399,3,0.7412587412587414,4,0.39860139860139865
batch_15,8,2,0.0,1,0.7342657342657343,1,0.7622377622377624
batch_15,90,3,0.4545454545454546,1,0.3356643356643357,6,0.7412587412587414
batch_15,91,4,0.15384615384615385,6,0.7762237762237763,1,0.7692307692307694
batch_15,92,4,0.2657342657342658,2,0.7342657342657343,3,0.6783216783216784
batch_15,93,8,-0.013986013986013986,4,0.7972027972027973,4,0.5594405594405596
batch_15,94,1,0.7342657342657343,5,0.7972027972027973,1,0.8531468531468532
batch_15,95,9,0.10489510489510491,1,0.8951048951048951,4,0.6293706293706295
batch_15,96,10,-0.02097902097902098,2,0.5804195804195805,1,0.5944055944055945
batch_15,97,2,0.22377622377622378,3,0.7692307692307694,5,0.07692307692307693
batch_15,98,3,-0.16083916083916086,1,0.7902097902097903,5,0.6993006993006995
batch_15,99,11,-0.4055944055944056,2,0.7132867132867133,3,0.6853146853146854
batch_15,9,11,-0.18181818181818185,2,0.7972027972027973,1,0.7342657342657343
batch_2,0,6,0.32867132867132864,1,0.6713286713286714,4,0.5524475524475525
batch_2,100,4,0.7832167832167832,7,0.14685314685314685,1,0.35664335664335667
batch_2,101,4,0.2657342657342658,1,0.06993006993006995,1,0.5734265734265735
batch_2,102,5,0.2517482517482518,3,0.7832167832167832,3,0.6503496503496504
batch_2,103,4,0.4895104895104896,1,0.7972027972027973,1,0.21678321678321683
batch_2,104,7,-0.15384615384615385,1,0.6643356643356644,9,0.3076923076923077
batch_2,105,2,0.5034965034965035,7,0.2517482517482518,3,0.6223776223776225
batch_2,106,5,0.5384615384615385,1,0.4895104895104896,5,0.2867132867132868
batch_2,107,9,0.0,2,0.7622377622377624,3,0.8251748251748254
batch_2,108,10,-0.1188811188811189,2,0.8951048951048951,1,0.8111888111888113
batch_2,109,1,0.5104895104895105,9,-0.027972027972027972,3,0.7132867132867133
batch_2,10,3,0.10489510489510491,1,0.7412587412587414,2,0.3356643356643357
batch_2,110,9,-0.0979020979020979,1,0.6503496503496504,2,0.7832167832167832
batch_2,111,1,0.6713286713286714,6,0.22377622377622378,3,0.5454545454545455
batch_2,112,8,0.006993006993006993,1,0.7272727272727274,9,0.3636363636363637
batch_2,113,6,0.06293706293706294,2,0.8951048951048951,2,0.44755244755244755
batch_2,114,5,0.3846153846153847,3,0.8391608391608393,2,0.7762237762237763
batch_2,115,5,0.2447552447552448,1,0.7482517482517484,5,0.4895104895104896
batch_2,116,5,-0.3636363636363637,1,0.6223776223776225,2,0.5454545454545455
batch_2,117,10,0.1328671328671329,1,0.8671328671328673,6,0.4055944055944056
batch_2,118,10,0.3846153846153847,1,0.5804195804195805,4,0.4265734265734266
batch_2,119,8,-0.013986013986013986,1,0.5454545454545455,4,0.5244755244755246
batch_2,11,10,-0.6433566433566434,2,0.7342657342657343,1,0.7832167832167832
batch_2,120,2,0.4895104895104896,3,0.4895104895104896,1,0.9370629370629372
batch_2,121,3,0.18181818181818185,1,0.8531468531468532,4,0.8181818181818183
batch_2,122,11,-0.2447552447552448,1,0.8041958041958043,2,0.5874125874125874
batch_2,123,9,0.1188811188811189,2,0.8601398601398602,1,0.43356643356643365
batch_2,124,10,-0.034965034965034975,2,0.6643356643356644,4,0.5664335664335665
batch_2,125,5,0.2377622377622378,1,0.6153846153846154,5,0.44755244755244755
batch_2,126,1,0.6573426573426573,1,0.7342657342657343,4,0.5874125874125874
batch_2,127,2,0.9300699300699302,4,0.2027972027972028,2,0.2797202797202798
batch_2,128,4,0.4055944055944056,2,0.7832167832167832,4,0.4265734265734266
batch_2,129,4,0.43356643356643365,7,0.6293706293706295,1,0.6713286713286714
batch_2,12,9,-0.2867132867132868,4,0.7132867132867133,3,0.18881118881118883
batch_2,130,4,0.6083916083916086,1,0.5034965034965035,2,0.9510489510489512
batch_2,131,11,-0.5594405594405596,1,0.7132867132867133,4,0.4265734265734266
batch_2,132,7,0.04195804195804196,2,0.7902097902097903,1,0.8111888111888113
batch_2,133,7,0.21678321678321683,2,0.6993006993006995,6,0.4755244755244756
batch_2,134,1,0.41958041958041964,2,0.7412587412587414,2,0.8181818181818183
batch_2,135,12,-0.4265734265734266,1,0.49650349650349657,5,0.5454545454545455
batch_2,136,7,0.6083916083916086,1,0.6503496503496504,1,0.9160839160839163
batch_2,137,2,0.5454545454545455,1,0.5874125874125874,7,0.7272727272727274
batch_2,138,9,-0.1188811188811189,4,0.5244755244755246,3,0.7832167832167832
batch_2,139,2,0.4545454545454546,7,0.4265734265734266,2,0.8531468531468532
batch_2,13,12,-0.6503496503496504,1,0.7202797202797203,1,0.7552447552447553
batch_2,140,9,-0.4055944055944056,1,0.6223776223776225,3,0.5104895104895105
batch_2,141,3,0.6433566433566434,1,0.6363636363636365,2,0.6923076923076924
batch_2,142,12,-0.5244755244755246,2,0.6293706293706295,5,0.4895104895104896
batch_2,143,10,0.04895104895104895,1,0.7832167832167832,1,0.7202797202797203
batch_2,144,3,0.9440559440559443,1,0.6853146853146854,9,0.06293706293706294
batch_2,145,4,-0.027972027972027972,4,0.8881118881118882,2,0.5594405594405596
batch_2,146,9,0.2657342657342658,2,0.6713286713286714,5,0.5174825174825175
batch_2,147,7,0.4125874125874127,1,0.7902097902097903,2,0.4825174825174825
batch_2,148,2,0.0979020979020979,1,0.7692307692307694,5,0.5874125874125874
batch_2,149,7,-0.2377622377622378,3,0.7832167832167832,1,0.3636363636363637
batch_2,14,6,0.013986013986013986,1,0.7552447552447553,4,0.7342657342657343
batch_2,150,4,0.4545454545454546,3,0.8951048951048951,1,0.6573426573426573
batch_2,151,1,0.17482517482517487,4,0.3916083916083916,3,0.5244755244755246
batch_2,152,3,0.6363636363636365,4,0.027972027972027972,1,0.3846153846153847
batch_2,153,8,-0.1958041958041958,2,0.6013986013986015,3,0.6923076923076924
batch_2,154,6,0.06293706293706294,1,0.32867132867132864,2,0.7902097902097903
batch_2,155,5,0.15384615384615385,4,0.4895104895104896,8,0.4685314685314686
batch_2,156,10,-0.11188811188811189,1,0.5524475524475525,3,0.8461538461538463
batch_2,157,7,-0.17482517482517487,4,0.6783216783216784,1,0.6363636363636365
batch_2,158,8,0.5664335664335665,1,0.6363636363636365,1,0.8531468531468532
batch_2,159,11,0.1398601398601399,1,0.4055944055944056,5,0.6013986013986015
batch_2,15,2,0.3636363636363637,1,0.6153846153846154,7,0.4125874125874127
batch_2,160,6,0.4825174825174825,1,0.6643356643356644,1,0.8041958041958043
batch_2,161,10,-0.3216783216783217,3,0.6643356643356644,2,0.7272727272727274
batch_2,162,8,0.06293706293706294,2,0.7692307692307694,3,0.6223776223776225
batch_2,163,11,-0.3216783216783217,3,0.3916083916083916,2,0.7692307692307694
batch_2,164,4,0.34965034965034975,3,0.7972027972027973,3,0.4055944055944056
batch_2,165,8,0.27272727272727276,1,0.8181818181818183,1,0.6993006993006995
batch_2,166,2,0.7342657342657343,3,0.31468531468531474,3,0.7062937062937064
batch_2,167,10,-0.3356643356643357,1,0.8111888111888113,3,0.1328671328671329
batch_2,168,8,0.1258741258741259,2,0.7762237762237763,2,0.3706293706293707
batch_2,169,11,-0.22377622377622378,3,0.8671328671328673,2,0.43356643356643365
batch_2,16,4,0.3426573426573427,6,0.6503496503496504,2,0.6993006993006995
batch_2,170,12,-0.08391608391608392,3,0.6223776223776225,2,0.7832167832167832
batch_2,171,8,0.055944055944055944,2,0.8251748251748254,2,0.8391608391608393
batch_2,172,11,-0.013986013986013986,1,0.6993006993006995,5,0.6713286713286714
batch_2,173,8,0.22377622377622378,3,0.6433566433566434,2,0.8251748251748254
batch_2,174,2,0.49650349650349657,2,0.7272727272727274,2,0.49650349650349657
batch_2,175,1,0.34965034965034975,1,0.6853146853146854,12,0.30069930069930073
batch_2,176,2,0.5804195804195805,6,0.6713286713286714,1,0.5734265734265735
batch_2,177,6,-0.2657342657342658,2,0.5244755244755246,1,0.8041958041958043
batch_2,178,1,0.5314685314685316,1,0.7552447552447553,4,0.1958041958041958
batch_2,179,10,0.1398601398601399,5,0.4265734265734266,1,0.3706293706293707
batch_2,17,7,0.14685314685314685,1,0.7482517482517484,6,0.7552447552447553
batch_2,180,4,0.6153846153846154,2,0.5174825174825175,2,0.8601398601398602
batch_2,181,5,-0.0979020979020979,3,0.7062937062937064,4,0.5524475524475525
batch_2,182,2,-0.1258741258741259,1,0.8741258741258742,7,0.5524475524475525
batch_2,183,3,0.3356643356643357,2,0.6853146853146854,3,0.5594405594405596
batch_2,184,5,0.027972027972027972,1,0.8881118881118882,4,0.5944055944055945
batch_2,185,7,-0.09090909090909093,2,0.5384615384615385,3,0.7762237762237763
batch_2,186,1,0.1188811188811189,1,0.7762237762237763,9,0.5804195804195805
batch_2,187,7,0.4755244755244756,3,0.7762237762237763,3,0.6013986013986015
batch_2,188,4,-0.17482517482517487,2,0.7412587412587414,3,0.5594405594405596
batch_2,189,3,0.1398601398601399,2,0.5664335664335665,3,0.7972027972027973
batch_2,18,11,-0.27272727272727276,3,0.7902097902097903,3,0.34965034965034975
batch_2,190,7,0.4685314685314686,2,0.5944055944055945,2,0.7202797202797203
batch_2,191,10,-0.4055944055944056,1,0.8881118881118882,3,0.6573426573426573
batch_2,192,5,0.0,1,0.7272727272727274,6,0.5454545454545455
batch_2,193,11,-0.08391608391608392,1,0.7902097902097903,8,0.7132867132867133
batch_2,194,4,-0.43356643356643365,1,0.8461538461538463,3,0.5244755244755246
batch_2,195,8,-0.1328671328671329,1,0.6713286713286714,5,0.44755244755244755
batch_2,196,6,0.08391608391608392,2,0.6573426573426573,5,0.4895104895104896
batch_2,197,7,-0.3846153846153847,1,0.8181818181818183,6,0.7552447552447553
batch_2,198,3,0.22377622377622378,2,0.8181818181818183,4,0.8601398601398602
batch_2,199,5,-0.1328671328671329,7,0.32867132867132864,4,0.5174825174825175
batch_2,19,2,0.8391608391608393,4,-0.055944055944055944,2,0.49650349650349657
batch_2,1,9,0.2937062937062937,1,0.8111888111888113,4,0.7202797202797203
batch_2,200,2,0.4125874125874127,2,0.6783216783216784,2,0.6223776223776225
batch_2,201,9,-0.2517482517482518,1,0.6993006993006995,3,0.055944055944055944
batch_2,202,3,0.2447552447552448,1,0.4055944055944056,5,0.5944055944055945
batch_2,203,1,0.5804195804195805,6,0.3846153846153847,6,-0.09090909090909093
batch_2,204,3,-0.07692307692307693,2,0.4895104895104896,4,0.7062937062937064
batch_2,205,4,0.034965034965034975,4,0.7272727272727274,2,0.6643356643356644
batch_2,206,1,0.2447552447552448,1,0.6853146853146854,6,0.4545454545454546
batch_2,207,1,0.4685314685314686,1,0.6573426573426573,3,0.7622377622377624
batch_2,208,1,0.7342657342657343,1,0.8041958041958043,3,0.7762237762237763
batch_2,209,9,0.46153846153846156,1,0.8601398601398602,3,0.7272727272727274
batch_2,20,2,0.006993006993006993,1,0.8111888111888113,5,0.6293706293706295
batch_2,210,11,-0.055944055944055944,1,0.4265734265734266,12,0.27272727272727276
batch_2,211,1,0.3076923076923077,6,0.5734265734265735,3,0.46153846153846156
batch_2,212,1,0.6433566433566434,8,0.39860139860139865,6,-0.013986013986013986
batch_2,213,5,0.34965034965034975,2,0.7202797202797203,5,0.04195804195804196
batch_2,214,1,0.7202797202797203,4,0.8531468531468532,1,0.3216783216783217
batch_2,215,9,-0.04195804195804196,3,0.5734265734265735,1,0.7622377622377624
batch_2,216,5,-0.3426573426573427,1,0.7272727272727274,3,0.5874125874125874
batch_2,217,4,-0.18881118881118883,2,0.5244755244755246,1,0.7342657342657343
batch_2,218,7,0.04195804195804196,2,0.8671328671328673,2,0.5779343363791357
batch_2,219,5,0.0979020979020979,1,0.7342657342657343,2,0.7342657342657343
batch_2,21,10,-0.4685314685314686,2,0.7762237762237763,4,0.6433566433566434
batch_2,220,9,0.37762237762237766,1,0.5594405594405596,3,0.7832167832167832
batch_2,221,9,-0.16083916083916086,1,0.6993006993006995,6,0.8251748251748254
batch_2,222,2,0.4125874125874127,1,0.5174825174825175,3,0.5034965034965035
batch_2,223,1,0.11188811188811189,8,0.5944055944055945,5,0.31468531468531474
batch_2,224,10,-0.22377622377622378,2,0.8181818181818183,2,0.2517482517482518
batch_2,225,6,-0.11188811188811189,6,0.44055944055944063,2,0.9160839160839163
batch_2,226,9,-0.43356643356643365,2,0.5034965034965035,2,0.7412587412587414
batch_2,227,11,0.06993006993006995,1,0.7202797202797203,1,0.9510489510489512
batch_2,228,2,0.8811188811188813,3,0.35664335664335667,6,0.055944055944055944
batch_2,229,5,0.23076923076923078,5,0.8321678321678322,1,0.4545454545454546
batch_2,22,2,0.8111888111888113,4,0.7272727272727274,1,0.6223776223776225
batch_2,230,8,-0.2797202797202798,1,0.8531468531468532,1,0.6223776223776225
batch_2,231,6,0.31468531468531474,3,0.8041958041958043,3,0.5314685314685316
batch_2,232,8,-0.16783216783216784,1,0.6083916083916086,6,0.6293706293706295
batch_2,233,6,-0.2657342657342658,2,0.9440559440559443,1,0.8951048951048951
batch_2,234,8,0.006993006993006993,2,0.8111888111888113,1,0.7762237762237763
batch_2,235,6,0.027972027972027972,1,0.5244755244755246,5,0.7272727272727274
batch_2,236,3,0.23076923076923078,1,0.6573426573426573,5,0.3706293706293707
batch_2,237,9,0.3216783216783217,1,0.6433566433566434,6,0.08391608391608392
batch_2,238,1,0.2447552447552448,1,0.6503496503496504,3,0.5874125874125874
batch_2,239,9,-0.1258741258741259,3,0.4125874125874127,4,0.6153846153846154
batch_2,23,9,-0.0979020979020979,1,0.8461538461538463,1,0.7342657342657343
batch_2,240,5,0.2027972027972028,2,0.6503496503496504,2,0.7482517482517484
batch_2,241,5,0.1958041958041958,3,0.9020979020979022,1,0.5734265734265735
batch_2,242,3,0.16783216783216784,2,0.5664335664335665,5,0.6223776223776225
batch_2,243,7,-0.3216783216783217,1,0.8391608391608393,7,0.4895104895104896
batch_2,244,4,0.5664335664335665,3,0.4125874125874127,1,0.5664335664335665
batch_2,245,4,-0.027972027972027972,3,0.7202797202797203,6,0.2027972027972028
batch_2,246,3,0.3356643356643357,1,0.9090909090909092,3,0.7692307692307694
batch_2,247,4,0.5454545454545455,1,0.49650349650349657,1,0.8181818181818183
batch_2,248,6,0.7062937062937064,1,0.7132867132867133,1,0.49650349650349657
batch_2,249,10,0.06293706293706294,1,0.7832167832167832,2,0.7342657342657343
batch_2,24,8,-0.07692307692307693,1,0.6293706293706295,4,0.7482517482517484
batch_2,25,10,-0.06293706293706294,1,0.7972027972027973,3,0.7482517482517484
batch_2,26,8,0.18881118881118883,3,0.8251748251748254,1,0.44755244755244755
batch_2,27,10,0.5804195804195805,3,0.5104895104895105,8,-0.04195804195804196
batch_2,28,1,0.7832167832167832,1,0.41958041958041964,4,-0.23076923076923078
batch_2,29,6,0.04895104895104895,1,0.6993006993006995,6,0.6643356643356644
batch_2,2,3,0.8741258741258742,8,-0.18181818181818185,1,0.4685314685314686
batch_2,30,11,-0.16783216783216784,2,0.6503496503496504,6,0.4265734265734266
batch_2,31,8,0.5594405594405596,2,0.9090909090909092,4,-0.07692307692307693
batch_2,32,10,0.44755244755244755,1,0.7412587412587414,9,0.3216783216783217
batch_2,33,9,-0.006993006993006993,1,0.9510489510489512,3,0.8811188811188813
batch_2,34,8,-0.1328671328671329,1,0.8881118881118882,2,0.7062937062937064
batch_2,35,4,0.22377622377622378,1,0.3916083916083916,2,0.7552447552447553
batch_2,36,9,-0.18181818181818185,2,0.44755244755244755,2,0.5874125874125874
batch_2,37,6,0.27272727272727276,3,0.43356643356643365,6,0.7202797202797203
batch_2,38,3,0.3426573426573427,1,0.6223776223776225,10,0.3916083916083916
batch_2,39,1,0.4685314685314686,3,0.7692307692307694,1,0.6783216783216784
batch_2,3,12,-0.1958041958041958,1,0.2657342657342658,6,0.6713286713286714
batch_2,40,7,-0.1188811188811189,1,0.9090909090909092,3,0.6013986013986015
batch_2,41,2,0.5804195804195805,1,0.7132867132867133,3,0.22377622377622378
batch_2,42,6,-0.39860139860139865,2,0.8391608391608393,1,0.9020979020979022
batch_2,43,11,0.35664335664335667,1,0.9020979020979022,4,0.6853146853146854
batch_2,44,3,0.2657342657342658,4,0.5384615384615385,2,0.6363636363636365
batch_2,45,8,0.16783216783216784,1,0.25874125874125875,2,0.8391608391608393
batch_2,46,10,0.3216783216783217,1,0.2657342657342658,1,0.9020979020979022
batch_2,47,3,0.055944055944055944,1,0.6923076923076924,8,0.49650349650349657
batch_2,48,7,-0.04895104895104895,1,0.8041958041958043,3,0.7062937062937064
batch_2,49,1,0.8111888111888113,7,0.25874125874125875,4,0.44755244755244755
batch_2,4,1,0.6573426573426573,12,0.04895104895104895,1,0.4238185133446995
batch_2,50,4,0.7832167832167832,2,0.3916083916083916,2,0.6013986013986015
batch_2,51,6,0.08391608391608392,1,0.8811188811188813,4,0.6293706293706295
batch_2,52,1,0.4545454545454546,3,0.7902097902097903,2,0.4545454545454546
batch_2,53,4,0.3216783216783217,1,0.8181818181818183,1,0.7832167832167832
batch_2,54,1,0.44055944055944063,1,0.4545454545454546,8,0.3426573426573427
batch_2,55,3,0.39860139860139865,1,0.7062937062937064,6,0.6713286713286714
batch_2,56,3,0.5314685314685316,6,0.11188811188811189,5,0.2447552447552448
batch_2,57,2,0.2027972027972028,1,0.8251748251748254,8,0.04895104895104895
batch_2,58,4,-0.2937062937062937,1,0.5244755244755246,2,0.7692307692307694
batch_2,59,7,0.07692307692307693,2,0.8951048951048951,3,0.49650349650349657
batch_2,5,5,0.055944055944055944,2,0.6503496503496504,2,0.7552447552447553
batch_2,60,7,-0.1328671328671329,5,0.7832167832167832,1,0.37762237762237766
batch_2,61,4,0.4825174825174825,3,0.39860139860139865,5,0.6363636363636365
batch_2,62,5,0.3356643356643357,2,0.7762237762237763,1,0.8881118881118882
batch_2,63,7,0.6013986013986015,8,0.22377622377622378,4,0.39860139860139865
batch_2,64,3,0.3216783216783217,2,0.6013986013986015,3,0.3916083916083916
batch_2,65,4,0.22377622377622378,4,0.6713286713286714,1,0.6503496503496504
batch_2,66,8,0.4055944055944056,4,0.4895104895104896,3,0.6853146853146854
batch_2,67,3,-0.055944055944055944,3,0.5804195804195805,1,0.6713286713286714
batch_2,68,7,0.055944055944055944,1,0.6783216783216784,10,0.0
batch_2,69,8,0.006993006993006993,3,0.2377622377622378,2,0.6223776223776225
batch_2,6,10,-0.16083916083916086,2,0.8251748251748254,5,0.32867132867132864
batch_2,70,9,0.3916083916083916,2,0.8531468531468532,2,0.6223776223776225
batch_2,71,10,0.034965034965034975,1,0.7832167832167832,2,0.8601398601398602
batch_2,72,6,0.013986013986013986,5,0.23076923076923078,4,0.8391608391608393
batch_2,73,6,0.3356643356643357,3,0.7552447552447553,5,0.23076923076923078
batch_2,74,11,-0.2937062937062937,4,0.7412587412587414,1,0.6993006993006995
batch_2,75,4,0.6993006993006995,2,0.6503496503496504,9,-0.23076923076923078
batch_2,76,4,0.5804195804195805,1,0.6853146853146854,2,0.5944055944055945
batch_2,77,8,-0.27272727272727276,1,0.5384615384615385,7,0.6783216783216784
batch_2,78,12,0.16783216783216784,1,0.5874125874125874,2,0.8321678321678322
batch_2,79,5,-0.22377622377622378,3,0.6363636363636365,2,0.7832167832167832
batch_2,7,5,0.5314685314685316,1,0.7692307692307694,2,0.6013986013986015
batch_2,80,4,0.1958041958041958,3,0.7272727272727274,1,0.8461538461538463
batch_2,81,9,-0.10489510489510491,1,0.5314685314685316,1,0.6643356643356644
batch_2,82,4,-0.2657342657342658,1,0.6643356643356644,9,0.4685314685314686
batch_2,83,2,0.4125874125874127,2,0.20979020979020982,3,0.7132867132867133
batch_2,84,3,0.4265734265734266,5,0.2377622377622378,4,0.6363636363636365
batch_2,85,2,0.965034965034965,2,0.4545454545454546,4,0.7272727272727274
batch_2,86,8,-0.1258741258741259,5,0.2377622377622378,4,0.6923076923076924
batch_2,87,4,0.7342657342657343,2,0.7482517482517484,5,0.6363636363636365
batch_2,88,1,0.32867132867132864,4,0.6293706293706295,4,0.4825174825174825
batch_2,89,8,-0.34965034965034975,1,0.6783216783216784,10,0.3916083916083916
batch_2,8,2,0.5384615384615385,4,0.7062937062937064,6,0.22377622377622378
batch_2,90,4,0.7062937062937064,1,0.7762237762237763,2,0.7552447552447553
batch_2,91,1,-0.006993006993006993,2,0.9160839160839163,1,0.8671328671328673
batch_2,92,8,0.1958041958041958,2,0.6993006993006995,2,0.5524475524475525
batch_2,93,1,0.7762237762237763,1,0.5664335664335665,4,0.2797202797202798
batch_2,94,3,-0.6083916083916086,4,0.7552447552447553,3,0.8041958041958043
batch_2,95,2,-0.11188811188811189,1,0.6993006993006995,10,0.25874125874125875
batch_2,96,5,0.6223776223776225,1,0.5384615384615385,1,0.7832167832167832
batch_2,97,2,0.22377622377622378,2,0.7412587412587414,6,0.44055944055944063
batch_2,98,3,0.5944055944055945,3,0.7202797202797203,1,0.8181818181818183
batch_2,99,1,0.15384615384615385,2,0.35664335664335667,2,0.8041958041958043
batch_2,9,5,-0.22377622377622378,2,0.7552447552447553,5,0.5174825174825175
batch_3,0,2,0.8671328671328673,10,-0.6783216783216784,5,0.25874125874125875
batch_3,100,12,-0.16083916083916086,3,0.6223776223776225,2,0.3636363636363637
batch_3,101,1,-0.013986013986013986,1,0.6503496503496504,2,0.5384615384615385
batch_3,102,3,-0.4685314685314686,2,0.6783216783216784,2,0.7692307692307694
batch_3,103,9,-0.06293706293706294,2,0.6923076923076924,1,0.7482517482517484
batch_3,104,5,0.1258741258741259,5,-0.006993006993006993,2,0.9160839160839163
batch_3,105,3,0.027972027972027972,2,0.5664335664335665,1,0.8181818181818183
batch_3,106,1,0.4685314685314686,2,0.5454545454545455,4,0.8251748251748254
batch_3,107,10,-0.034965034965034975,4,0.6083916083916086,2,0.6223776223776225
batch_3,108,10,-0.055944055944055944,2,0.5244755244755246,5,0.3426573426573427
batch_3,109,2,0.5944055944055945,1,0.44055944055944063,9,0.06993006993006995
batch_3,10,11,-0.10489510489510491,5,0.3076923076923077,1,0.6573426573426573
batch_3,110,6,0.5034965034965035,1,0.46153846153846156,1,0.8951048951048951
batch_3,111,12,-0.2797202797202798,2,0.34965034965034975,1,0.8671328671328673
batch_3,112,2,0.5384615384615385,1,0.8461538461538463,1,0.7202797202797203
batch_3,113,8,0.1398601398601399,4,0.5104895104895105,1,0.5664335664335665
batch_3,114,5,0.46153846153846156,1,0.3216783216783217,5,0.6363636363636365
batch_3,115,5,0.5384615384615385,3,0.5734265734265735,3,0.3356643356643357
batch_3,116,1,0.8881118881118882,6,0.5594405594405596,2,0.1398601398601399
batch_3,117,11,-0.013986013986013986,2,0.5104895104895105,5,0.4895104895104896
batch_3,118,6,0.14685314685314685,1,0.7972027972027973,5,0.6013986013986015
batch_3,119,4,-0.10489510489510491,1,0.7482517482517484,9,0.3916083916083916
batch_3,11,3,-0.006993006993006993,2,0.6293706293706295,1,0.6643356643356644
batch_3,120,9,0.006993006993006993,5,0.6783216783216784,1,0.5944055944055945
batch_3,121,5,0.5244755244755246,1,0.5104895104895105,10,0.4055944055944056
batch_3,122,3,0.8391608391608393,2,0.3846153846153847,1,-0.02097902097902098
batch_3,123,5,0.1958041958041958,3,0.7762237762237763,2,0.5944055944055945
batch_3,124,5,0.23076923076923078,1,0.6993006993006995,5,0.34965034965034975
batch_3,125,2,0.3636363636363637,4,0.7272727272727274,2,0.7692307692307694
batch_3,126,9,-0.006993006993006993,2,0.7272727272727274,1,0.8041958041958043
batch_3,127,2,0.06993006993006995,2,0.5594405594405596,2,0.8251748251748254
batch_3,128,8,-0.0979020979020979,5,0.7482517482517484,2,-0.055944055944055944
batch_3,129,1,0.7482517482517484,1,0.7972027972027973,4,0.0979020979020979
batch_3,12,3,0.3356643356643357,2,0.7552447552447553,3,0.7412587412587414
batch_3,130,2,0.6223776223776225,1,0.9230769230769231,10,0.5524475524475525
batch_3,131,8,-0.18881118881118883,2,0.35664335664335667,2,0.5804195804195805
batch_3,132,4,-0.16083916083916086,1,0.6993006993006995,8,0.5244755244755246
batch_3,133,10,-0.0979020979020979,1,0.8811188811188813,2,0.7202797202797203
batch_3,134,6,0.3076923076923077,1,0.6993006993006995,5,0.6223776223776225
batch_3,135,1,0.5944055944055945,3,0.5034965034965035,7,0.20979020979020982
batch_3,136,7,0.5734265734265735,2,0.7552447552447553,6,0.3356643356643357
batch_3,137,4,0.2027972027972028,2,0.7342657342657343,2,0.7552447552447553
batch_3,138,3,0.5034965034965035,2,0.46153846153846156,4,0.5874125874125874
batch_3,139,2,0.8181818181818183,1,0.8531468531468532,8,0.23076923076923078
batch_3,13,7,0.06293706293706294,2,0.7762237762237763,1,0.4125874125874127
batch_3,140,3,-0.46153846153846156,9,0.44755244755244755,1,0.7902097902097903
batch_3,141,9,-0.09090909090909093,1,0.7552447552447553,5,0.7762237762237763
batch_3,142,10,-0.5734265734265735,2,0.8531468531468532,2,0.6713286713286714
batch_3,143,8,0.055944055944055944,2,0.5454545454545455,1,0.2937062937062937
batch_3,144,1,0.7692307692307694,3,0.5874125874125874,2,0.7412587412587414
batch_3,145,6,0.04895104895104895,2,0.8181818181818183,6,0.4825174825174825
batch_3,146,4,0.5174825174825175,3,0.6643356643356644,7,0.04895104895104895
batch_3,147,1,0.32867132867132864,2,0.7132867132867133,6,0.6713286713286714
batch_3,148,3,0.10489510489510491,5,0.5174825174825175,1,0.6643356643356644
batch_3,149,9,0.3916083916083916,2,0.7552447552447553,1,0.7622377622377624
batch_3,14,6,0.07692307692307693,1,0.6433566433566434,6,0.3706293706293707
batch_3,150,1,0.16083916083916086,2,0.6713286713286714,3,0.6013986013986015
batch_3,151,10,-0.5454545454545455,1,0.8181818181818183,3,0.8251748251748254
batch_3,152,2,0.8461538461538463,2,0.5454545454545455,6,-0.1258741258741259
batch_3,153,9,-0.06993006993006995,3,0.6223776223776225,1,0.4055944055944056
batch_3,154,2,0.7062937062937064,9,0.15384615384615385,1,0.21678321678321683
batch_3,155,7,0.11188811188811189,6,0.30069930069930073,1,0.6713286713286714
batch_3,156,2,0.5804195804195805,4,0.7202797202797203,2,0.5174825174825175
batch_3,157,3,0.6363636363636365,2,0.5314685314685316,4,0.7972027972027973
batch_3,158,9,-0.3916083916083916,1,0.7342657342657343,2,0.6643356643356644
batch_3,159,12,-0.6153846153846154,1,0.9370629370629372,1,0.3706293706293707
batch_3,15,3,0.5104895104895105,1,0.7902097902097903,7,0.14685314685314685
batch_3,160,12,-0.15384615384615385,2,0.7202797202797203,1,0.4545454545454546
batch_3,161,7,0.16083916083916086,1,0.8461538461538463,4,0.6643356643356644
batch_3,162,1,0.04895104895104895,5,0.44055944055944063,4,0.44055944055944063
batch_3,163,3,0.3846153846153847,2,0.7622377622377624,4,0.8671328671328673
batch_3,164,2,0.6153846153846154,1,0.6923076923076924,3,0.9300699300699302
batch_3,165,1,0.43356643356643365,1,0.5244755244755246,8,0.5594405594405596
batch_3,166,7,0.2867132867132868,1,0.6503496503496504,1,0.9720279720279721
batch_3,167,12,-0.034965034965034975,3,0.8811188811188813,1,0.44755244755244755
batch_3,168,2,0.7622377622377624,2,0.8391608391608393,2,0.5454545454545455
batch_3,169,12,-0.06993006993006995,4,0.7972027972027973,2,0.6993006993006995
batch_3,16,4,-0.18181818181818185,1,0.6713286713286714,8,0.3846153846153847
batch_3,170,12,-0.21678321678321683,1,0.5664335664335665,4,0.5524475524475525
batch_3,171,10,0.35664335664335667,2,0.7552447552447553,1,0.44055944055944063
batch_3,172,1,0.5664335664335665,3,0.7482517482517484,3,0.5104895104895105
batch_3,173,9,-0.1398601398601399,1,0.5384615384615385,3,0.7202797202797203
batch_3,174,10,-0.30069930069930073,1,0.8041958041958043,5,0.6853146853146854
batch_3,175,10,-0.18181818181818185,1,0.3216783216783217,4,0.9160839160839163
batch_3,176,1,0.21678321678321683,4,0.6153846153846154,2,0.5874125874125874
batch_3,177,3,0.8881118881118882,3,0.5104895104895105,6,0.31468531468531474
batch_3,178,7,-0.2517482517482518,1,0.6503496503496504,1,0.6993006993006995
batch_3,179,4,-0.43356643356643365,2,0.8181818181818183,1,0.2867132867132868
batch_3,17,12,-0.20979020979020982,4,0.5804195804195805,3,0.5034965034965035
batch_3,180,2,0.2377622377622378,4,0.6923076923076924,2,0.6363636363636365
batch_3,181,12,-0.4895104895104896,1,0.8461538461538463,2,0.6853146853146854
batch_3,182,1,0.5944055944055945,10,0.04895104895104895,3,0.11188811188811189
batch_3,183,1,0.8951048951048951,3,0.6433566433566434,1,0.4685314685314686
batch_3,184,10,-0.2657342657342658,1,0.5874125874125874,2,0.9720279720279721
batch_3,185,1,-0.14685314685314685,2,0.8951048951048951,5,0.3076923076923077
batch_3,186,1,0.6923076923076924,5,0.1328671328671329,8,0.44755244755244755
batch_3,187,5,0.4125874125874127,1,0.7132867132867133,2,0.4055944055944056
batch_3,188,1,0.5244755244755246,1,0.5734265734265735,3,0.15384615384615385
batch_3,189,4,-0.14685314685314685,1,0.7412587412587414,2,0.5524475524475525
batch_3,18,1,0.5384615384615385,2,0.7412587412587414,3,0.6713286713286714
batch_3,190,6,-0.37762237762237766,3,0.7692307692307694,5,0.6503496503496504
batch_3,191,7,-0.2797202797202798,1,0.6153846153846154,4,0.5244755244755246
batch_3,192,10,-0.1328671328671329,2,0.5034965034965035,2,0.4125874125874127
batch_3,193,2,-0.034965034965034975,1,0.7692307692307694,2,0.7272727272727274
batch_3,194,3,0.21678321678321683,1,0.8461538461538463,1,0.6853146853146854
batch_3,195,6,0.013986013986013986,4,0.4125874125874127,3,0.5874125874125874
batch_3,196,5,-0.4125874125874127,1,0.5664335664335665,4,0.5874125874125874
batch_3,197,4,-0.06293706293706294,3,0.6853146853146854,2,0.6783216783216784
batch_3,198,6,0.22377622377622378,2,0.8531468531468532,1,0.44055944055944063
batch_3,199,4,0.4825174825174825,1,0.4125874125874127,4,0.48336326315345896
batch_3,19,1,0.9370629370629372,6,0.41958041958041964,3,0.1258741258741259
batch_3,1,12,0.2027972027972028,1,0.7902097902097903,9,0.14685314685314685
batch_3,200,5,0.2797202797202798,1,0.5244755244755246,6,0.6153846153846154
batch_3,201,10,0.0,1,0.5944055944055945,1,0.8181818181818183
batch_3,202,3,0.25874125874125875,1,0.8181818181818183,7,0.31468531468531474
batch_3,203,10,-0.3846153846153847,2,0.7482517482517484,2,0.5804195804195805
batch_3,204,9,-0.4545454545454546,3,0.5524475524475525,1,0.8181818181818183
batch_3,205,1,0.32867132867132864,5,0.6573426573426573,1,0.44755244755244755
batch_3,206,1,0.7972027972027973,10,-0.034965034965034975,4,0.04895104895104895
batch_3,207,2,0.7902097902097903,1,0.6853146853146854,3,0.5734265734265735
batch_3,208,3,-0.10489510489510491,8,-0.30069930069930073,3,0.7902097902097903
batch_3,209,5,0.04895104895104895,1,0.8601398601398602,5,0.39860139860139865
batch_3,20,4,0.43356643356643365,1,0.4125874125874127,6,0.3846153846153847
batch_3,210,2,0.3426573426573427,1,0.9160839160839163,5,0.5174825174825175
batch_3,211,7,-0.6643356643356644,3,0.8811188811188813,3,0.8111888111888113
batch_3,212,6,0.1258741258741259,1,0.6923076923076924,1,0.7342657342657343
batch_3,213,3,0.3706293706293707,1,0.8601398601398602,1,0.08391608391608392
batch_3,214,8,-0.6083916083916086,1,0.7552447552447553,6,0.6573426573426573
batch_3,215,3,0.4545454545454546,3,0.5524475524475525,1,0.2867132867132868
batch_3,216,4,0.4895104895104896,2,0.8741258741258742,1,0.7902097902097903
batch_3,217,11,0.18181818181818185,1,0.8181818181818183,2,0.8881118881118882
batch_3,218,4,-0.027972027972027972,3,0.7342657342657343,1,0.6013986013986015
batch_3,219,10,-0.02097902097902098,2,0.6783216783216784,3,0.5594405594405596
batch_3,21,9,-0.034965034965034975,3,0.6433566433566434,1,0.6293706293706295
batch_3,220,7,-0.10489510489510491,1,0.8811188811188813,2,0.49650349650349657
batch_3,221,1,0.43356643356643365,2,0.4825174825174825,3,0.6993006993006995
batch_3,222,8,0.32867132867132864,2,0.6433566433566434,5,0.5804195804195805
batch_3,223,1,0.4825174825174825,3,0.6713286713286714,3,0.3706293706293707
batch_3,224,1,0.4125874125874127,4,0.3076923076923077,2,0.6853146853146854
batch_3,225,4,0.3216783216783217,3,0.8041958041958043,3,0.7272727272727274
batch_3,226,2,0.41958041958041964,4,0.7272727272727274,1,0.6223776223776225
batch_3,227,5,0.20979020979020982,1,0.8041958041958043,4,0.6153846153846154
batch_3,228,3,0.27272727272727276,1,0.9160839160839163,5,0.5454545454545455
batch_3,229,8,-0.04195804195804196,2,0.7902097902097903,2,0.4895104895104896
batch_3,22,8,0.1188811188811189,1,0.9440559440559443,2,0.0979020979020979
batch_3,230,12,-0.0979020979020979,2,0.8601398601398602,1,0.3356643356643357
batch_3,231,9,-0.3216783216783217,7,0.41958041958041964,1,0.5664335664335665
batch_3,232,1,0.6223776223776225,1,0.6363636363636365,3,0.6223776223776225
batch_3,233,3,0.2867132867132868,1,0.8251748251748254,9,0.2657342657342658
batch_3,234,5,-0.02097902097902098,1,0.8181818181818183,3,0.7272727272727274
batch_3,235,4,0.2657342657342658,1,0.6013986013986015,6,0.5944055944055945
batch_3,236,3,0.44055944055944063,9,0.35664335664335667,4,0.4055944055944056
batch_3,237,2,0.16083916083916086,3,0.8951048951048951,2,0.7202797202797203
batch_3,238,5,-0.06993006993006995,1,0.6363636363636365,7,0.6293706293706295
batch_3,239,3,0.8321678321678322,4,0.7832167832167832,1,0.39860139860139865
batch_3,23,1,0.7132867132867133,1,0.4125874125874127,2,0.2867132867132868
batch_3,240,3,0.5454545454545455,4,0.6013986013986015,3,0.21678321678321683
batch_3,241,6,0.09090909090909093,2,0.6433566433566434,8,0.2797202797202798
batch_3,242,8,0.32867132867132864,1,0.7202797202797203,3,0.8111888111888113
batch_3,243,2,0.6643356643356644,3,0.5734265734265735,6,0.5524475524475525
batch_3,244,1,0.2517482517482518,1,0.7272727272727274,1,0.6153846153846154
batch_3,245,1,0.9090909090909092,9,-0.06293706293706294,6,0.07692307692307693
batch_3,246,3,0.8321678321678322,2,0.5034965034965035,2,0.16783216783216784
batch_3,247,8,0.4265734265734266,5,-0.15384615384615385,2,0.6923076923076924
batch_3,248,6,0.09090909090909093,2,0.39860139860139865,5,0.8251748251748254
batch_3,249,8,-0.23076923076923078,1,0.7832167832167832,4,0.6153846153846154
batch_3,24,3,-0.1398601398601399,1,0.8041958041958043,5,0.4545454545454546
batch_3,25,1,0.06993006993006995,5,0.3916083916083916,2,0.7272727272727274
batch_3,26,6,0.10489510489510491,9,0.1328671328671329,1,0.7342657342657343
batch_3,27,10,-0.43356643356643365,2,0.8251748251748254,1,0.5804195804195805
batch_3,28,6,-0.2027972027972028,2,0.9160839160839163,2,0.6783216783216784
batch_3,29,7,0.055944055944055944,2,0.8601398601398602,1,0.7342657342657343
batch_3,2,4,0.06993006993006995,1,0.6573426573426573,7,0.6153846153846154
batch_3,30,4,-0.18181818181818185,3,0.6433566433566434,1,0.6503496503496504
batch_3,31,2,0.1188811188811189,2,0.9370629370629372,1,0.43356643356643365
batch_3,32,10,0.2027972027972028,1,0.4545454545454546,3,0.8741258741258742
batch_3,33,8,0.1328671328671329,1,0.8741258741258742,9,0.4755244755244756
batch_3,34,2,0.9090909090909092,11,-0.2797202797202798,2,0.4265734265734266
batch_3,35,1,-0.1258741258741259,3,0.8881118881118882,5,0.5174825174825175
batch_3,36,7,0.1328671328671329,2,0.4545454545454546,2,0.7412587412587414
batch_3,37,3,0.3916083916083916,9,0.2377622377622378,1,0.6503496503496504
batch_3,38,1,0.4545454545454546,2,0.5314685314685316,1,0.7832167832167832
batch_3,39,1,0.027972027972027972,3,0.8181818181818183,1,0.6433566433566434
batch_3,3,3,0.21678321678321683,1,0.7832167832167832,1,0.6153846153846154
batch_3,40,7,0.013986013986013986,1,0.9370629370629372,9,0.31468531468531474
batch_3,41,1,0.3426573426573427,1,0.8671328671328673,4,0.6643356643356644
batch_3,42,4,0.23076923076923078,1,0.4825174825174825,1,0.6013986013986015
batch_3,43,10,-0.3216783216783217,4,0.6503496503496504,1,0.49650349650349657
batch_3,44,5,-0.16783216783216784,3,0.6433566433566434,1,0.6783216783216784
batch_3,45,4,0.04895104895104895,3,0.7482517482517484,6,0.2797202797202798
batch_3,46,4,0.5244755244755246,1,0.6083916083916086,7,0.5594405594405596
batch_3,47,1,0.07692307692307693,5,0.7062937062937064,1,0.7972027972027973
batch_3,48,5,0.17482517482517487,1,0.7622377622377624,2,0.8601398601398602
batch_3,49,7,0.6713286713286714,5,0.7272727272727274,1,0.44055944055944063
batch_3,4,2,0.6923076923076924,6,0.10489510489510491,3,0.7062937062937064
batch_3,50,4,0.1398601398601399,4,0.6783216783216784,7,0.5734265734265735
batch_3,51,5,0.2867132867132868,6,0.5944055944055945,1,0.3636363636363637
batch_3,52,2,0.2867132867132868,1,0.6713286713286714,2,0.8461538461538463
batch_3,53,3,0.16783216783216784,2,0.6433566433566434,1,0.7062937062937064
batch_3,54,10,-0.27272727272727276,1,0.5524475524475525,6,0.6853146853146854
batch_3,55,6,0.07692307692307693,1,0.6713286713286714,4,0.6643356643356644
batch_3,56,10,0.3916083916083916,2,0.4825174825174825,4,0.6363636363636365
batch_3,57,4,0.09090909090909093,3,0.7552447552447553,2,0.3076923076923077
batch_3,58,2,0.9020979020979022,1,0.5314685314685316,4,0.4755244755244756
batch_3,59,6,-0.0979020979020979,1,0.8601398601398602,2,0.6503496503496504
batch_3,5,7,-0.2377622377622378,3,0.6083916083916086,1,0.39860139860139865
batch_3,60,7,0.04195804195804196,1,0.7272727272727274,6,0.5314685314685316
batch_3,61,5,0.2797202797202798,2,0.8111888111888113,2,-0.1188811188811189
batch_3,62,4,0.8321678321678322,2,0.9720279720279721,1,0.41958041958041964
batch_3,63,6,0.3846153846153847,5,0.6013986013986015,1,0.7902097902097903
batch_3,64,7,0.16783216783216784,2,0.39860139860139865,2,0.30069930069930073
batch_3,65,5,-0.32867132867132864,2,0.8741258741258742,1,0.5734265734265735
batch_3,66,1,-0.027972027972027972,3,0.7062937062937064,6,0.2377622377622378
batch_3,67,7,0.14685314685314685,2,0.7062937062937064,2,0.6293706293706295
batch_3,68,9,-0.17482517482517487,5,0.5664335664335665,5,0.31468531468531474
batch_3,69,1,0.2797202797202798,3,0.8741258741258742,1,0.32867132867132864
batch_3,6,4,0.07692307692307693,6,0.3216783216783217,1,0.37762237762237766
batch_3,70,5,0.4685314685314686,3,0.4265734265734266,6,0.49650349650349657
batch_3,71,8,0.2517482517482518,3,0.8601398601398602,1,0.7342657342657343
batch_3,72,2,0.06993006993006995,1,0.6993006993006995,5,0.8671328671328673
batch_3,73,5,0.6433566433566434,1,0.5524475524475525,5,0.10489510489510491
batch_3,74,3,0.46153846153846156,2,0.8811188811188813,4,0.08391608391608392
batch_3,75,7,0.39860139860139865,3,0.4125874125874127,3,0.7272727272727274
batch_3,76,6,0.5594405594405596,3,0.7412587412587414,4,0.7482517482517484
batch_3,77,12,-0.16783216783216784,4,0.7412587412587414,2,0.5944055944055945
batch_3,78,2,0.2447552447552448,1,0.6013986013986015,1,0.5734265734265735
batch_3,79,5,-0.04895104895104895,4,0.7762237762237763,1,0.5104895104895105
batch_3,7,12,-0.3076923076923077,1,0.8251748251748254,4,0.6643356643356644
batch_3,80,5,0.3846153846153847,3,0.8251748251748254,2,0.7622377622377624
batch_3,81,11,-0.3636363636363637,1,0.9230769230769231,3,0.5244755244755246
batch_3,82,12,0.2377622377622378,4,0.6993006993006995,1,0.6013986013986015
batch_3,83,6,0.25874125874125875,4,0.6083916083916086,1,0.5384615384615385
batch_3,84,10,-0.4685314685314686,1,0.7972027972027973,7,0.4755244755244756
batch_3,85,3,0.2447552447552448,1,0.8251748251748254,6,0.6993006993006995
batch_3,86,4,0.7412587412587414,3,0.7762237762237763,3,0.7062937062937064
batch_3,87,2,0.5874125874125874,2,0.7692307692307694,3,0.6853146853146854
batch_3,88,12,-0.18881118881118883,1,0.7132867132867133,2,0.6853146853146854
batch_3,89,7,0.18181818181818185,3,0.4825174825174825,3,0.5734265734265735
batch_3,8,1,0.41958041958041964,1,0.7272727272727274,5,0.6293706293706295
batch_3,90,3,0.6713286713286714,4,0.8391608391608393,2,0.39860139860139865
batch_3,91,5,0.1958041958041958,2,0.25874125874125875,3,0.6923076923076924
batch_3,92,2,-0.055944055944055944,4,0.5944055944055945,4,0.4545454545454546
batch_3,93,6,0.4545454545454546,2,0.7342657342657343,2,0.43356643356643365
batch_3,94,2,0.8251748251748254,4,0.06993006993006995,4,0.25874125874125875
batch_3,95,1,0.0979020979020979,6,0.7972027972027973,1,0.5244755244755246
batch_3,96,5,-0.11188811188811189,2,0.7412587412587414,9,0.034965034965034975
batch_3,97,8,-0.10489510489510491,3,0.4265734265734266,1,0.8321678321678322
batch_3,98,2,0.5734265734265735,2,0.6433566433566434,1,0.4545454545454546
batch_3,99,1,0.3846153846153847,2,0.5244755244755246,2,0.6993006993006995
batch_3,9,12,-0.44055944055944063,3,0.7692307692307694,2,0.6573426573426573
batch_4,0,3,-0.013986013986013986,1,0.8181818181818183,1,0.7552447552447553
batch_4,100,8,-0.11188811188811189,2,0.6083916083916086,1,0.6573426573426573
batch_4,101,2,0.3916083916083916,1,0.8041958041958043,7,0.5384615384615385
batch_4,102,4,0.2027972027972028,1,0.7832167832167832,6,0.5454545454545455
batch_4,103,7,-0.43356643356643365,2,0.6713286713286714,2,0.9230769230769231
batch_4,104,5,0.44755244755244755,2,0.4895104895104896,4,0.4685314685314686
batch_4,105,8,0.1398601398601399,1,0.8951048951048951,3,0.7132867132867133
batch_4,106,8,0.31468531468531474,7,0.11188811188811189,4,0.3636363636363637
batch_4,107,5,0.055944055944055944,2,0.8111888111888113,5,0.8531468531468532
batch_4,108,4,0.8881118881118882,11,0.06993006993006995,2,0.5384615384615385
batch_4,109,12,-0.39860139860139865,2,0.6993006993006995,2,0.2937062937062937
batch_4,10,8,0.06293706293706294,2,0.7272727272727274,3,0.6223776223776225
batch_4,110,4,0.5734265734265735,1,0.9300699300699302,1,0.8671328671328673
batch_4,111,10,0.09090909090909093,1,0.6853146853146854,4,0.8461538461538463
batch_4,112,3,0.09090909090909093,1,0.5104895104895105,4,0.6223776223776225
batch_4,113,5,0.006993006993006993,1,0.7762237762237763,3,0.7832167832167832
batch_4,114,4,0.5734265734265735,1,0.5734265734265735,2,0.7482517482517484
batch_4,115,4,-0.32867132867132864,1,0.8601398601398602,10,0.5174825174825175
batch_4,116,8,0.5384615384615385,4,0.06293706293706294,3,0.2797202797202798
batch_4,117,3,-0.02097902097902098,1,0.7692307692307694,6,0.5944055944055945
batch_4,118,5,0.4545454545454546,2,0.8391608391608393,4,0.4265734265734266
batch_4,119,11,-0.18181818181818185,1,0.8461538461538463,4,0.5804195804195805
batch_4,11,10,-0.4545454545454546,1,0.6363636363636365,4,0.6223776223776225
batch_4,120,10,-0.16083916083916086,3,0.7832167832167832,2,0.6013986013986015
batch_4,121,11,-0.3916083916083916,1,0.5244755244755246,5,0.6573426573426573
batch_4,122,5,0.7412587412587414,1,0.5734265734265735,2,0.7552447552447553
batch_4,123,1,-0.027972027972027972,1,0.8251748251748254,1,0.7762237762237763
batch_4,124,6,0.1398601398601399,5,0.46153846153846156,1,0.4825174825174825
batch_4,125,4,0.18881118881118883,1,0.6503496503496504,3,0.5454545454545455
batch_4,126,12,-0.055944055944055944,1,0.8811188811188813,2,0.6293706293706295
batch_4,127,1,0.055944055944055944,1,0.5804195804195805,4,0.9020979020979022
batch_4,128,7,0.5594405594405596,2,0.1398601398601399,2,0.5874125874125874
batch_4,129,8,-0.034965034965034975,1,0.6083916083916086,5,0.5034965034965035
batch_4,12,8,0.2797202797202798,6,0.7342657342657343,1,0.4265734265734266
batch_4,130,3,0.15384615384615385,1,0.8811188811188813,2,0.8251748251748254
batch_4,131,5,0.4895104895104896,2,0.5664335664335665,3,0.6573426573426573
batch_4,132,1,0.7272727272727274,1,0.6713286713286714,8,-0.27272727272727276
batch_4,133,7,-0.04195804195804196,1,0.7552447552447553,5,0.5874125874125874
batch_4,134,12,-0.3916083916083916,2,0.5944055944055945,4,0.46153846153846156
batch_4,135,2,0.7412587412587414,1,0.6363636363636365,4,0.5664335664335665
batch_4,136,3,0.8321678321678322,3,0.6013986013986015,5,0.02097902097902098
batch_4,137,5,-0.013986013986013986,4,0.31468531468531474,4,0.7342657342657343
batch_4,138,2,0.3076923076923077,1,0.8881118881118882,1,0.21678321678321683
batch_4,139,2,0.6433566433566434,1,0.8531468531468532,6,0.5174825174825175
batch_4,13,2,0.35664335664335667,1,0.9440559440559443,4,0.09090909090909093
batch_4,140,5,0.7412587412587414,1,0.5524475524475525,3,0.8251748251748254
batch_4,141,3,0.3636363636363637,4,0.7062937062937064,1,0.5034965034965035
batch_4,142,6,0.4895104895104896,3,0.6363636363636365,6,0.5734265734265735
batch_4,143,9,0.2377622377622378,3,0.5944055944055945,2,0.7622377622377624
batch_4,144,1,-0.1398601398601399,2,0.6783216783216784,5,0.6433566433566434
batch_4,145,6,0.2797202797202798,1,0.6573426573426573,4,0.5104895104895105
batch_4,146,9,-0.055944055944055944,2,0.6433566433566434,6,0.6433566433566434
batch_4,147,9,0.08391608391608392,2,0.41958041958041964,4,0.7692307692307694
batch_4,148,11,-0.4755244755244756,1,0.7202797202797203,10,-0.11188811188811189
batch_4,149,6,-0.09090909090909093,3,0.5244755244755246,4,0.5034965034965035
batch_4,14,6,-0.1958041958041958,2,0.5734265734265735,1,0.7412587412587414
batch_4,150,11,0.1188811188811189,2,0.6923076923076924,4,0.8391608391608393
batch_4,151,8,0.013986013986013986,1,0.8741258741258742,5,0.7132867132867133
batch_4,152,1,0.5314685314685316,4,0.30069930069930073,3,0.7062937062937064
batch_4,153,8,0.055944055944055944,3,0.5874125874125874,2,0.5244755244755246
batch_4,154,12,-0.04895104895104895,1,0.6363636363636365,1,0.7132867132867133
batch_4,155,5,0.3636363636363637,1,0.6363636363636365,2,0.7832167832167832
batch_4,156,11,0.11188811188811189,1,0.5174825174825175,8,0.4055944055944056
batch_4,157,4,0.16083916083916086,4,0.5034965034965035,7,-0.027972027972027972
batch_4,158,6,-0.2377622377622378,1,0.7412587412587414,3,0.4265734265734266
batch_4,159,4,0.5524475524475525,4,0.2797202797202798,5,0.3356643356643357
batch_4,15,8,-0.16083916083916086,4,0.7552447552447553,2,0.8741258741258742
batch_4,160,12,-0.4265734265734266,3,0.6223776223776225,3,0.5874125874125874
batch_4,161,3,0.11188811188811189,1,0.7622377622377624,8,0.4685314685314686
batch_4,162,3,0.5664335664335665,2,0.8041958041958043,1,0.8251748251748254
batch_4,163,5,-0.02097902097902098,6,0.6013986013986015,2,0.31468531468531474
batch_4,164,1,-0.027972027972027972,4,0.6153846153846154,3,0.7552447552447553
batch_4,165,4,0.7902097902097903,9,0.3356643356643357,1,0.5244755244755246
batch_4,166,10,0.18881118881118883,1,0.8671328671328673,4,0.4545454545454546
batch_4,167,7,0.46153846153846156,1,0.37762237762237766,1,0.6013986013986015
batch_4,168,10,-0.27272727272727276,1,0.8601398601398602,9,0.06993006993006995
batch_4,169,1,0.4265734265734266,2,0.4685314685314686,2,0.7412587412587414
batch_4,16,10,0.2517482517482518,1,0.6993006993006995,3,0.8671328671328673
batch_4,170,10,-0.013986013986013986,1,0.8741258741258742,7,0.4825174825174825
batch_4,171,7,-0.5454545454545455,1,0.7902097902097903,6,0.5664335664335665
batch_4,172,1,0.7342657342657343,3,0.6783216783216784,3,0.4895104895104896
batch_4,173,3,0.055944055944055944,1,0.6643356643356644,4,0.6013986013986015
batch_4,174,12,-0.30069930069930073,2,0.6223776223776225,6,0.7062937062937064
batch_4,175,7,0.14685314685314685,2,0.7062937062937064,2,0.31468531468531474
batch_4,176,2,0.7062937062937064,5,0.1258741258741259,1,0.5664335664335665
batch_4,177,4,-0.5034965034965035,2,0.5944055944055945,3,0.6363636363636365
batch_4,178,5,0.27272727272727276,2,0.7762237762237763,1,0.8251748251748254
batch_4,179,2,0.23076923076923078,2,0.6013986013986015,2,0.7902097902097903
batch_4,17,5,-0.34965034965034975,1,0.5594405594405596,2,0.8041958041958043
batch_4,180,3,0.41958041958041964,4,0.7622377622377624,1,0.6293706293706295
batch_4,181,6,0.6503496503496504,2,0.7132867132867133,5,0.16083916083916086
batch_4,182,7,-0.04195804195804196,6,0.6713286713286714,1,0.3706293706293707
batch_4,183,3,0.16783216783216784,1,0.8041958041958043,4,0.6083916083916086
batch_4,184,4,0.6783216783216784,2,0.5244755244755246,3,0.3706293706293707
batch_4,185,3,-0.04895104895104895,5,0.5454545454545455,1,0.7132867132867133
batch_4,186,3,0.7622377622377624,4,0.6783216783216784,1,0.6363636363636365
batch_4,187,9,0.17482517482517487,3,0.7132867132867133,6,0.4685314685314686
batch_4,188,11,-0.16783216783216784,1,0.8321678321678322,1,0.8181818181818183
batch_4,189,8,-0.21678321678321683,2,0.8391608391608393,1,0.35664335664335667
batch_4,18,1,0.5384615384615385,1,0.6223776223776225,3,0.7062937062937064
batch_4,190,5,0.5314685314685316,1,0.6223776223776225,4,0.6783216783216784
batch_4,191,4,-0.06293706293706294,1,0.8881118881118882,1,0.21678321678321683
batch_4,192,8,-0.10489510489510491,3,0.7482517482517484,1,0.6433566433566434
batch_4,193,4,-0.006993006993006993,1,0.8671328671328673,3,0.1258741258741259
batch_4,194,12,0.02097902097902098,2,0.7692307692307694,1,0.8041958041958043
batch_4,195,2,0.1398601398601399,1,0.8391608391608393,5,0.37762237762237766
batch_4,196,7,0.3706293706293707,1,0.9300699300699302,3,0.8041958041958043
batch_4,197,1,-0.08391608391608392,1,0.7902097902097903,7,0.4545454545454546
batch_4,198,2,0.3706293706293707,7,0.31468531468531474,1,0.6433566433566434
batch_4,199,2,0.16783216783216784,4,0.6153846153846154,1,0.4055944055944056
batch_4,19,6,0.4825174825174825,6,0.02097902097902098,1,0.7692307692307694
batch_4,1,7,0.4055944055944056,1,0.09090909090909093,7,0.6853146853146854
batch_4,200,4,0.1398601398601399,2,0.8951048951048951,2,0.4825174825174825
batch_4,201,9,-0.16083916083916086,8,0.43356643356643365,1,0.3356643356643357
batch_4,202,10,-0.3916083916083916,1,0.7062937062937064,5,0.7272727272727274
batch_4,203,4,0.31468531468531474,3,0.8671328671328673,1,0.6433566433566434
batch_4,204,4,-0.2657342657342658,4,0.4825174825174825,2,0.6083916083916086
batch_4,205,4,0.1258741258741259,4,0.5244755244755246,2,0.7062937062937064
batch_4,206,4,0.0,1,0.44755244755244755,1,0.7972027972027973
batch_4,207,3,0.34965034965034975,1,0.6993006993006995,6,0.43356643356643365
batch_4,208,1,0.9160839160839163,6,0.006993006993006993,2,-0.04895104895104895
batch_4,209,2,-0.04195804195804196,8,0.5874125874125874,1,0.6223776223776225
batch_4,20,4,0.8951048951048951,2,0.055944055944055944,3,0.6223776223776225
batch_4,210,1,0.9230769230769231,1,0.4265734265734266,1,0.5244755244755246
batch_4,211,6,0.22377622377622378,5,0.7902097902097903,1,0.6853146853146854
batch_4,212,1,0.02097902097902098,1,0.6433566433566434,3,0.5524475524475525
batch_4,213,3,0.41958041958041964,1,0.7272727272727274,4,0.7482517482517484
batch_4,214,3,0.10489510489510491,1,0.8321678321678322,3,0.8461538461538463
batch_4,215,6,0.14685314685314685,2,0.8391608391608393,1,0.8321678321678322
batch_4,216,4,0.04895104895104895,1,0.5664335664335665,1,0.6643356643356644
batch_4,217,4,0.46153846153846156,1,0.6853146853146854,3,0.6993006993006995
batch_4,218,9,-0.22377622377622378,2,0.7202797202797203,6,0.46153846153846156
batch_4,219,4,0.17482517482517487,4,0.41958041958041964,4,0.6153846153846154
batch_4,21,8,0.23076923076923078,3,0.6713286713286714,6,0.5104895104895105
batch_4,220,3,0.25874125874125875,1,0.7412587412587414,8,0.5384615384615385
batch_4,221,5,0.0979020979020979,3,0.5804195804195805,1,0.7622377622377624
batch_4,222,4,0.43356643356643365,1,0.8111888111888113,6,0.7832167832167832
batch_4,223,6,0.07692307692307693,1,0.5664335664335665,6,0.5244755244755246
batch_4,224,5,0.44055944055944063,5,0.5734265734265735,1,0.8671328671328673
batch_4,225,8,-0.22377622377622378,4,0.6783216783216784,2,0.3846153846153847
batch_4,226,3,0.5734265734265735,2,0.7552447552447553,4,0.5174825174825175
batch_4,227,6,0.027972027972027972,1,0.6013986013986015,8,0.006993006993006993
batch_4,228,5,-0.2447552447552448,1,0.8391608391608393,4,0.7482517482517484
batch_4,229,9,0.3426573426573427,2,0.7412587412587414,4,0.3216783216783217
batch_4,22,12,-0.1188811188811189,1,0.8181818181818183,3,0.18881118881118883
batch_4,230,2,0.1328671328671329,2,0.8601398601398602,5,0.39860139860139865
batch_4,231,12,-0.7272727272727274,3,0.7482517482517484,2,0.5734265734265735
batch_4,232,6,0.4055944055944056,2,0.4825174825174825,1,0.8461538461538463
batch_4,233,11,0.08391608391608392,3,0.4755244755244756,1,0.8321678321678322
batch_4,234,8,0.7412587412587414,5,0.7832167832167832,1,0.2937062937062937
batch_4,235,2,-0.06993006993006995,1,0.8881118881118882,3,0.5874125874125874
batch_4,236,1,0.5454545454545455,1,0.7272727272727274,4,0.5174825174825175
batch_4,237,3,-0.22377622377622378,1,0.7762237762237763,3,0.6853146853146854
batch_4,238,7,-0.31468531468531474,2,0.6573426573426573,2,0.7482517482517484
batch_4,239,9,-0.23076923076923078,1,0.7622377622377624,1,0.8391608391608393
batch_4,23,7,0.04195804195804196,8,0.6923076923076924,1,0.5804195804195805
batch_4,240,7,0.14685314685314685,1,0.8391608391608393,2,0.8531468531468532
batch_4,241,10,0.16783216783216784,6,0.5944055944055945,1,0.5664335664335665
batch_4,242,9,-0.5314685314685316,2,0.6223776223776225,6,0.3426573426573427
batch_4,243,12,-0.1398601398601399,1,0.7412587412587414,1,0.9300699300699302
batch_4,244,2,0.7342657342657343,1,0.6083916083916086,11,-0.006993006993006993
batch_4,245,6,0.16083916083916086,3,0.4895104895104896,5,0.6713286713286714
batch_4,246,1,-0.2517482517482518,2,0.5874125874125874,5,0.5104895104895105
batch_4,247,9,-0.18181818181818185,3,0.44755244755244755,1,0.7552447552447553
batch_4,248,1,0.8181818181818183,1,0.7762237762237763,6,0.7692307692307694
batch_4,249,1,-0.07692307692307693,1,0.44055944055944063,3,0.6993006993006995
batch_4,24,3,-0.09090909090909093,1,0.5944055944055945,7,0.7762237762237763
batch_4,25,2,0.8461538461538463,4,0.32867132867132864,2,0.49650349650349657
batch_4,26,10,-0.1958041958041958,5,0.8041958041958043,2,0.8321678321678322
batch_4,27,9,-0.06293706293706294,1,0.7482517482517484,1,0.3706293706293707
batch_4,28,2,0.7692307692307694,1,0.2517482517482518,2,0.5384615384615385
batch_4,29,1,-0.013986013986013986,4,0.6783216783216784,1,0.4825174825174825
batch_4,2,4,0.30069930069930073,1,0.5664335664335665,8,0.30069930069930073
batch_4,30,2,-0.21678321678321683,1,0.8531468531468532,1,0.8741258741258742
batch_4,31,2,0.5034965034965035,1,0.8531468531468532,5,0.18881118881118883
batch_4,32,12,-0.11188811188811189,1,0.8181818181818183,2,0.6223776223776225
batch_4,33,6,0.1188811188811189,4,0.6433566433566434,1,0.49650349650349657
batch_4,34,12,0.11188811188811189,1,0.22377622377622378,1,0.8391608391608393
batch_4,35,4,0.1258741258741259,2,0.9020979020979022,2,0.8251748251748254
batch_4,36,1,0.7202797202797203,1,0.6993006993006995,3,0.8181818181818183
batch_4,37,3,-0.11188811188811189,1,0.7412587412587414,3,0.7622377622377624
batch_4,38,1,0.6503496503496504,2,0.9020979020979022,4,0.8251748251748254
batch_4,39,5,0.37762237762237766,1,0.8531468531468532,3,0.5734265734265735
batch_4,3,8,-0.46153846153846156,1,0.37762237762237766,7,0.46153846153846156
batch_4,40,6,0.35664335664335667,1,0.5244755244755246,3,0.18181818181818185
batch_4,41,7,0.49650349650349657,1,0.8531468531468532,3,0.6713286713286714
batch_4,42,4,-0.055944055944055944,2,0.6853146853146854,1,0.5034965034965035
batch_4,43,6,0.5944055944055945,1,0.8181818181818183,3,0.6293706293706295
batch_4,44,8,-0.04895104895104895,1,0.7762237762237763,3,0.7412587412587414
batch_4,45,6,0.18181818181818185,1,0.7692307692307694,9,0.6083916083916086
batch_4,46,4,0.5034965034965035,1,0.49650349650349657,10,0.43356643356643365
batch_4,47,11,-0.43356643356643365,1,0.8671328671328673,1,0.7832167832167832
batch_4,48,7,0.15384615384615385,1,0.8881118881118882,1,0.2937062937062937
batch_4,49,7,-0.3916083916083916,2,0.8251748251748254,4,0.6503496503496504
batch_4,4,1,0.2517482517482518,2,0.7622377622377624,6,0.4685314685314686
batch_4,50,6,-0.30069930069930073,4,0.6503496503496504,1,0.8741258741258742
batch_4,51,5,0.2867132867132868,6,0.5734265734265735,1,0.7552447552447553
batch_4,52,10,0.3216783216783217,1,0.5874125874125874,5,0.2447552447552448
batch_4,53,3,0.0979020979020979,2,0.6783216783216784,5,0.4895104895104896
batch_4,54,1,0.16783216783216784,3,0.7622377622377624,2,0.5524475524475525
batch_4,55,8,-0.06293706293706294,1,0.5664335664335665,4,0.49650349650349657
batch_4,56,1,0.8951048951048951,2,0.4755244755244756,8,0.21678321678321683
batch_4,57,1,0.34965034965034975,1,0.7692307692307694,2,0.5104895104895105
batch_4,58,7,0.16783216783216784,1,0.6223776223776225,5,0.7132867132867133
batch_4,59,1,0.15384615384615385,4,0.6713286713286714,2,0.7482517482517484
batch_4,5,9,-0.006993006993006993,1,0.7902097902097903,1,0.5804195804195805
batch_4,60,11,-0.44755244755244755,3,0.7342657342657343,1,0.5314685314685316
batch_4,61,7,0.0979020979020979,1,0.8041958041958043,5,0.5524475524475525
batch_4,62,5,0.21678321678321683,1,0.8251748251748254,3,0.7062937062937064
batch_4,63,1,0.3846153846153847,3,0.5384615384615385,4,0.7972027972027973
batch_4,64,6,-0.06993006993006995,7,0.6083916083916086,3,-0.21678321678321683
batch_4,65,5,0.4125874125874127,2,0.6503496503496504,4,0.39860139860139865
batch_4,66,7,0.3076923076923077,1,0.7062937062937064,6,0.4685314685314686
batch_4,67,8,-0.06293706293706294,1,0.7342657342657343,3,0.6363636363636365
batch_4,68,11,-0.1958041958041958,1,0.7552447552447553,5,0.8181818181818183
batch_4,69,3,0.4265734265734266,1,0.7202797202797203,2,0.6013986013986015
batch_4,6,4,-0.06293706293706294,4,0.5874125874125874,7,0.46153846153846156
batch_4,70,5,0.027972027972027972,1,0.7062937062937064,4,0.7902097902097903
batch_4,71,8,0.5104895104895105,1,0.5174825174825175,4,0.6433566433566434
batch_4,72,1,0.49650349650349657,1,0.7622377622377624,2,0.7972027972027973
batch_4,73,1,0.5664335664335665,2,0.5594405594405596,2,0.5384615384615385
batch_4,74,9,0.18181818181818185,2,0.7062937062937064,2,0.46153846153846156
batch_4,75,2,0.3216783216783217,1,0.7972027972027973,2,0.7412587412587414
batch_4,76,2,0.4895104895104896,4,0.7202797202797203,1,0.20979020979020982
batch_4,77,4,0.055944055944055944,1,0.9790209790209792,4,0.8531468531468532
batch_4,78,7,0.5174825174825175,3,0.5804195804195805,3,0.5314685314685316
batch_4,79,3,0.9160839160839163,3,0.5174825174825175,3,0.034965034965034975
batch_4,7,1,0.16083916083916086,1,0.6713286713286714,9,0.44755244755244755
batch_4,80,3,0.1188811188811189,3,0.44055944055944063,2,0.5804195804195805
batch_4,81,7,-0.4265734265734266,1,0.6923076923076924,3,0.6573426573426573
batch_4,82,7,0.4685314685314686,2,0.7272727272727274,4,0.6503496503496504
batch_4,83,9,-0.2377622377622378,2,0.6083916083916086,3,0.5944055944055945
batch_4,84,1,0.5034965034965035,1,0.7412587412587414,4,0.3706293706293707
batch_4,85,9,0.3846153846153847,1,0.9090909090909092,7,0.39860139860139865
batch_4,86,7,0.04195804195804196,1,0.9020979020979022,1,0.8391608391608393
batch_4,87,6,0.06993006993006995,1,0.7762237762237763,5,0.6013986013986015
batch_4,88,11,0.4825174825174825,1,0.7412587412587414,4,0.6433566433566434
batch_4,89,1,0.8741258741258742,4,0.6153846153846154,6,-0.3356643356643357
batch_4,8,4,0.8321678321678322,5,0.3846153846153847,1,0.37762237762237766
batch_4,90,3,0.2867132867132868,5,0.8181818181818183,1,0.37762237762237766
batch_4,91,7,0.14685314685314685,6,0.39860139860139865,1,0.5734265734265735
batch_4,92,2,0.6013986013986015,3,0.013986013986013986,8,0.6153846153846154
batch_4,93,1,0.8671328671328673,2,0.3916083916083916,4,0.5174825174825175
batch_4,94,12,-0.14685314685314685,1,0.8461538461538463,3,0.8181818181818183
batch_4,95,3,0.35664335664335667,5,0.41958041958041964,2,0.5314685314685316
batch_4,96,8,0.027972027972027972,1,0.8391608391608393,1,0.6923076923076924
batch_4,97,1,0.21678321678321683,5,0.6363636363636365,1,0.7342657342657343
batch_4,98,1,0.6573426573426573,3,0.07692307692307693,4,0.6993006993006995
batch_4,99,6,0.49650349650349657,4,0.8461538461538463,1,0.6643356643356644
batch_4,9,2,-0.30069930069930073,1,0.5244755244755246,6,0.54641064530391
batch_5,0,3,0.2797202797202798,1,0.7622377622377624,4,0.35664335664335667
batch_5,100,8,-0.4755244755244756,2,0.6083916083916086,3,0.4685314685314686
batch_5,101,6,0.17482517482517487,2,0.5664335664335665,3,0.7342657342657343
batch_5,102,2,0.3846153846153847,1,0.6853146853146854,5,0.8321678321678322
batch_5,103,1,0.7482517482517484,8,0.3426573426573427,1,0.6923076923076924
batch_5,104,10,0.2027972027972028,1,0.7902097902097903,5,-0.10489510489510491
batch_5,105,4,0.2657342657342658,5,0.6643356643356644,3,0.41958041958041964
batch_5,106,4,0.04195804195804196,2,0.7412587412587414,1,0.20979020979020982
batch_5,107,1,-0.08391608391608392,2,0.5454545454545455,2,0.3846153846153847
batch_5,108,7,0.1188811188811189,1,0.6293706293706295,2,0.7762237762237763
batch_5,109,8,0.0,2,0.3706293706293707,7,0.43356643356643365
batch_5,10,12,-0.6783216783216784,2,0.6503496503496504,2,0.7132867132867133
batch_5,110,2,0.1958041958041958,1,0.7552447552447553,5,0.41958041958041964
batch_5,111,3,0.44055944055944063,2,0.7762237762237763,5,0.4125874125874127
batch_5,112,2,0.6153846153846154,1,0.39860139860139865,4,0.5804195804195805
batch_5,113,1,0.6013986013986015,1,0.8391608391608393,1,0.6503496503496504
batch_5,114,6,-0.3426573426573427,3,0.6503496503496504,7,0.3916083916083916
batch_5,115,8,0.35664335664335667,3,0.6223776223776225,1,0.6293706293706295
batch_5,116,3,0.04195804195804196,1,0.7692307692307694,2,0.7342657342657343
batch_5,117,1,0.35664335664335667,1,0.8531468531468532,6,0.7342657342657343
batch_5,118,6,-0.32867132867132864,2,0.49650349650349657,5,0.6433566433566434
batch_5,119,4,-0.2027972027972028,1,0.6713286713286714,1,0.9090909090909092
batch_5,11,5,-0.06993006993006995,3,0.7972027972027973,1,0.7832167832167832
batch_5,120,1,0.6503496503496504,2,0.8461538461538463,1,0.3636363636363637
batch_5,121,6,0.35664335664335667,2,0.5804195804195805,2,0.6993006993006995
batch_5,122,4,0.3846153846153847,5,-0.10489510489510491,3,0.7062937062937064
batch_5,123,2,0.16783216783216784,7,0.6503496503496504,1,0.3216783216783217
batch_5,124,3,0.02097902097902098,1,0.6013986013986015,2,0.5734265734265735
batch_5,125,2,-0.21678321678321683,2,0.6223776223776225,2,0.5524475524475525
batch_5,126,7,0.5314685314685316,1,0.3356643356643357,1,0.8321678321678322
batch_5,127,3,0.27272727272727276,1,0.7762237762237763,5,0.8181818181818183
batch_5,128,4,-0.0979020979020979,3,0.7342657342657343,2,0.4755244755244756
batch_5,129,8,0.4545454545454546,1,0.2867132867132868,3,0.3216783216783217
batch_5,12,6,-0.3216783216783217,4,0.16783216783216784,4,0.6993006993006995
batch_5,130,2,0.18181818181818185,1,0.7062937062937064,5,0.5944055944055945
batch_5,131,7,-0.006993006993006993,3,0.6853146853146854,1,0.6853146853146854
batch_5,132,7,-0.1188811188811189,1,0.6573426573426573,1,0.6643356643356644
batch_5,133,2,-0.17482517482517487,2,0.8041958041958043,3,0.6503496503496504
batch_5,134,3,0.18881118881118883,1,0.8951048951048951,8,0.3356643356643357
batch_5,135,2,0.6433566433566434,7,-0.17482517482517487,1,0.4265734265734266
batch_5,136,2,-0.1258741258741259,1,0.8321678321678322,11,0.21678321678321683
batch_5,137,3,-0.1958041958041958,4,0.9020979020979022,1,0.43356643356643365
batch_5,138,1,0.1188811188811189,1,0.8951048951048951,9,0.46153846153846156
batch_5,139,7,-0.2027972027972028,1,0.8181818181818183,3,0.8741258741258742
batch_5,13,6,0.11188811188811189,2,0.6293706293706295,4,0.39860139860139865
batch_5,140,9,-0.0979020979020979,4,0.7972027972027973,2,0.7482517482517484
batch_5,141,9,0.034965034965034975,2,0.7272727272727274,3,0.8111888111888113
batch_5,142,11,0.34965034965034975,5,0.6573426573426573,1,0.4055944055944056
batch_5,143,2,0.4545454545454546,1,0.8111888111888113,10,0.2377622377622378
batch_5,144,4,0.6713286713286714,2,0.18181818181818185,4,0.6713286713286714
batch_5,145,6,0.6503496503496504,2,0.5594405594405596,5,0.20979020979020982
batch_5,146,1,0.35664335664335667,2,0.8461538461538463,1,0.6013986013986015
batch_5,147,12,-0.16083916083916086,2,0.6503496503496504,2,0.6783216783216784
batch_5,148,5,-0.5384615384615385,1,0.8881118881118882,6,0.6783216783216784
batch_5,149,2,0.5244755244755246,1,0.8391608391608393,2,0.6923076923076924
batch_5,14,1,-0.15384615384615385,1,0.8741258741258742,2,0.6713286713286714
batch_5,150,6,0.08391608391608392,5,0.7132867132867133,1,0.7552447552447553
batch_5,151,12,-0.3636363636363637,2,0.9720279720279721,2,0.30069930069930073
batch_5,152,4,0.11188811188811189,1,0.6153846153846154,6,0.4895104895104896
batch_5,153,2,0.22377622377622378,2,0.34965034965034975,4,0.7202797202797203
batch_5,154,6,0.2447552447552448,1,0.7832167832167832,1,0.6013986013986015
batch_5,155,1,0.2377622377622378,2,0.6013986013986015,2,0.5524475524475525
batch_5,156,2,0.39860139860139865,8,0.31468531468531474,1,0.3356643356643357
batch_5,157,3,0.37762237762237766,3,0.8881118881118882,5,0.11188811188811189
batch_5,158,6,0.5874125874125874,5,0.6433566433566434,5,0.15384615384615385
batch_5,159,2,0.16083916083916086,2,0.8041958041958043,8,0.1258741258741259
batch_5,15,1,0.31468531468531474,1,0.8321678321678322,7,0.20979020979020982
batch_5,160,5,0.07692307692307693,1,0.7972027972027973,1,0.32867132867132864
batch_5,161,8,-0.5174825174825175,2,0.8671328671328673,3,0.8041958041958043
batch_5,162,2,-0.23076923076923078,1,0.6993006993006995,4,0.6853146853146854
batch_5,163,1,0.14685314685314685,9,0.3636363636363637,1,0.7902097902097903
batch_5,164,2,0.25874125874125875,1,0.7062937062937064,3,0.7552447552447553
batch_5,165,3,0.04895104895104895,2,0.8321678321678322,4,0.5594405594405596
batch_5,166,5,0.27272727272727276,2,0.8601398601398602,1,0.7062937062937064
batch_5,167,4,0.16083916083916086,1,0.8531468531468532,5,0.7272727272727274
batch_5,168,8,-0.1188811188811189,1,0.6293706293706295,2,0.8181818181818183
batch_5,169,4,0.5804195804195805,4,0.7412587412587414,2,0.6293706293706295
batch_5,16,9,-0.35664335664335667,6,0.22377622377622378,4,0.4055944055944056
batch_5,170,2,0.34965034965034975,1,0.7482517482517484,5,0.8741258741258742
batch_5,171,6,0.18881118881118883,1,0.6083916083916086,5,0.49650349650349657
batch_5,172,9,0.5944055944055945,1,0.8741258741258742,5,0.6783216783216784
batch_5,173,8,0.1958041958041958,2,0.9160839160839163,1,0.7832167832167832
batch_5,174,12,-0.2027972027972028,1,0.6993006993006995,3,0.5314685314685316
batch_5,175,4,0.3356643356643357,2,0.5314685314685316,8,0.39860139860139865
batch_5,176,3,0.0979020979020979,2,0.8601398601398602,3,0.31468531468531474
batch_5,177,2,0.3916083916083916,4,0.7832167832167832,1,0.5384615384615385
batch_5,178,8,-0.2027972027972028,1,0.7692307692307694,4,0.37762237762237766
batch_5,179,1,0.5874125874125874,8,0.6223776223776225,1,0.5594405594405596
batch_5,17,1,0.4125874125874127,2,0.7062937062937064,2,0.2867132867132868
batch_5,180,8,0.15384615384615385,1,0.6153846153846154,3,0.5734265734265735
batch_5,181,6,0.3846153846153847,2,0.5314685314685316,1,0.5034965034965035
batch_5,182,3,-0.2797202797202798,1,0.6013986013986015,1,0.9510489510489512
batch_5,183,3,0.15384615384615385,1,0.7132867132867133,2,0.7902097902097903
batch_5,184,9,-0.04895104895104895,1,0.20979020979020982,5,0.5104895104895105
batch_5,185,7,0.27272727272727276,1,0.8391608391608393,5,0.7132867132867133
batch_5,186,8,0.1958041958041958,1,0.9090909090909092,3,0.5734265734265735
batch_5,187,7,-0.34965034965034975,2,0.8251748251748254,4,0.6083916083916086
batch_5,188,7,0.4125874125874127,4,0.46153846153846156,2,0.14685314685314685
batch_5,189,5,0.2797202797202798,1,0.7412587412587414,1,0.6433566433566434
batch_5,18,4,0.6923076923076924,3,0.27272727272727276,6,-0.06993006993006995
batch_5,190,7,0.04195804195804196,2,0.3356643356643357,2,0.4825174825174825
batch_5,191,1,0.8741258741258742,1,0.5804195804195805,4,-0.17482517482517487
batch_5,192,5,-0.34965034965034975,1,0.6293706293706295,5,0.7272727272727274
batch_5,193,1,0.3846153846153847,1,0.5174825174825175,5,0.5244755244755246
batch_5,194,2,0.5524475524475525,5,0.5174825174825175,1,0.8041958041958043
batch_5,195,8,0.44055944055944063,1,0.7552447552447553,5,0.7342657342657343
batch_5,196,11,0.1188811188811189,3,0.8111888111888113,4,0.6503496503496504
batch_5,197,10,0.25874125874125875,1,0.5594405594405596,6,0.4055944055944056
batch_5,198,8,0.35664335664335667,4,0.7202797202797203,2,0.4125874125874127
batch_5,199,5,0.4055944055944056,2,0.3636363636363637,4,0.8671328671328673
batch_5,19,3,-0.055944055944055944,2,0.6923076923076924,1,0.7412587412587414
batch_5,1,8,0.4755244755244756,3,0.7762237762237763,4,0.5314685314685316
batch_5,200,5,-0.1258741258741259,1,0.25874125874125875,1,0.6433566433566434
batch_5,201,7,-0.16083916083916086,3,0.8601398601398602,1,0.44055944055944063
batch_5,202,12,0.013986013986013986,2,0.7272727272727274,2,0.7902097902097903
batch_5,203,7,-0.027972027972027972,2,0.6713286713286714,2,0.5594405594405596
batch_5,204,9,-0.04895104895104895,1,0.6433566433566434,5,0.6993006993006995
batch_5,205,7,-0.08391608391608392,3,0.8671328671328673,5,0.06293706293706294
batch_5,206,4,0.5384615384615385,1,0.6783216783216784,1,0.8321678321678322
batch_5,207,7,0.15384615384615385,1,0.6783216783216784,8,0.41958041958041964
batch_5,208,4,0.8181818181818183,1,0.2377622377622378,9,-0.17482517482517487
batch_5,209,1,0.2027972027972028,1,0.5314685314685316,4,0.8111888111888113
batch_5,20,6,0.1958041958041958,1,0.8531468531468532,1,0.7832167832167832
batch_5,210,4,0.5734265734265735,5,0.5664335664335665,1,0.4125874125874127
batch_5,211,8,-0.2377622377622378,4,0.5874125874125874,5,0.4545454545454546
batch_5,212,6,0.11188811188811189,3,0.4265734265734266,7,0.6923076923076924
batch_5,213,4,-0.034965034965034975,5,0.7272727272727274,1,0.5944055944055945
batch_5,214,6,0.3846153846153847,1,0.9370629370629372,3,0.8181818181818183
batch_5,215,2,0.41958041958041964,6,0.8951048951048951,1,0.5874125874125874
batch_5,216,9,0.034965034965034975,3,0.7482517482517484,2,0.37762237762237766
batch_5,217,3,0.1258741258741259,3,0.7762237762237763,1,0.8881118881118882
batch_5,218,2,0.1258741258741259,2,0.7972027972027973,5,0.5664335664335665
batch_5,219,11,-0.2657342657342658,1,0.6923076923076924,4,0.6643356643356644
batch_5,21,5,-0.21678321678321683,3,0.6783216783216784,1,0.7272727272727274
batch_5,220,11,-0.41958041958041964,3,0.6013986013986015,2,0.1958041958041958
batch_5,221,3,0.3636363636363637,1,0.7482517482517484,9,0.1958041958041958
batch_5,222,9,-0.5524475524475525,1,0.7552447552447553,9,0.4125874125874127
batch_5,223,10,-0.4125874125874127,1,0.5594405594405596,8,0.3916083916083916
batch_5,224,4,0.25874125874125875,1,0.6993006993006995,9,0.3356643356643357
batch_5,225,4,0.7622377622377624,3,0.5524475524475525,4,0.5244755244755246
batch_5,226,6,-0.0979020979020979,4,0.6083916083916086,3,0.3076923076923077
batch_5,227,10,-0.14685314685314685,1,0.8111888111888113,5,0.27272727272727276
batch_5,228,8,0.6223776223776225,2,0.8951048951048951,4,0.6223776223776225
batch_5,229,1,0.1958041958041958,3,0.17482517482517487,7,0.4545454545454546
batch_5,22,5,-0.25874125874125875,7,0.4265734265734266,1,0.5874125874125874
batch_5,230,6,-0.006993006993006993,1,0.5314685314685316,7,0.4755244755244756
batch_5,231,6,0.055944055944055944,3,0.7552447552447553,2,0.4055944055944056
batch_5,232,3,0.5594405594405596,2,0.7902097902097903,3,0.6573426573426573
batch_5,233,9,0.0,1,0.8321678321678322,5,0.6433566433566434
batch_5,234,8,-0.2657342657342658,4,0.5174825174825175,5,0.46153846153846156
batch_5,235,9,0.15384615384615385,1,0.6643356643356644,3,0.4895104895104896
batch_5,236,10,-0.0979020979020979,3,0.8811188811188813,1,0.49650349650349657
batch_5,237,4,0.6153846153846154,7,0.5314685314685316,2,0.6363636363636365
batch_5,238,1,0.15384615384615385,3,0.7202797202797203,2,0.5874125874125874
batch_5,239,7,-0.27272727272727276,1,0.8251748251748254,4,0.5734265734265735
batch_5,23,2,0.5804195804195805,2,0.5454545454545455,5,0.4825174825174825
batch_5,240,1,0.8811188811188813,3,-0.07692307692307693,5,0.4755244755244756
batch_5,241,7,-0.006993006993006993,3,0.6153846153846154,1,0.5944055944055945
batch_5,242,12,-0.3356643356643357,2,0.6923076923076924,1,0.6153846153846154
batch_5,243,3,0.15384615384615385,3,0.6993006993006995,1,0.6923076923076924
batch_5,244,9,-0.27272727272727276,1,0.8881118881118882,4,0.5314685314685316
batch_5,245,9,-0.30069930069930073,1,0.7272727272727274,3,0.7622377622377624
batch_5,246,4,0.17482517482517487,1,0.9020979020979022,1,0.6923076923076924
batch_5,247,1,0.6293706293706295,2,0.8111888111888113,8,-0.1398601398601399
batch_5,248,5,0.5734265734265735,1,0.8321678321678322,3,0.4755244755244756
batch_5,249,5,0.6363636363636365,2,0.7762237762237763,1,0.7692307692307694
batch_5,24,1,0.8881118881118882,3,0.08391608391608392,1,0.37762237762237766
batch_5,25,9,-0.3076923076923077,2,0.8601398601398602,2,0.7202797202797203
batch_5,26,1,0.6713286713286714,1,0.5034965034965035,10,0.4895104895104896
batch_5,27,12,-0.37762237762237766,3,0.6783216783216784,2,0.4265734265734266
batch_5,28,4,0.09090909090909093,1,0.7482517482517484,3,0.7972027972027973
batch_5,29,10,0.006993006993006993,1,0.7132867132867133,4,0.8391608391608393
batch_5,2,7,-0.2797202797202798,3,0.8601398601398602,1,0.6993006993006995
batch_5,30,6,-0.3916083916083916,1,0.8951048951048951,1,0.5174825174825175
batch_5,31,6,0.5804195804195805,2,0.10489510489510491,6,0.14685314685314685
batch_5,32,6,0.2937062937062937,2,0.44755244755244755,1,0.6643356643356644
batch_5,33,10,-0.013986013986013986,1,0.4125874125874127,2,0.8531468531468532
batch_5,34,12,-0.1258741258741259,2,0.7202797202797203,3,0.5454545454545455
batch_5,35,3,0.02097902097902098,1,0.7692307692307694,5,0.5174825174825175
batch_5,36,12,-0.3216783216783217,2,0.7482517482517484,4,0.2657342657342658
batch_5,37,2,0.2867132867132868,1,0.6643356643356644,2,0.7972027972027973
batch_5,38,10,-0.02097902097902098,1,0.6713286713286714,2,0.6503496503496504
batch_5,39,12,-0.7482517482517484,3,0.6853146853146854,1,0.6853146853146854
batch_5,3,1,0.2517482517482518,3,0.3916083916083916,3,0.6993006993006995
batch_5,40,6,-0.08391608391608392,6,0.8041958041958043,2,0.2447552447552448
batch_5,41,6,-0.02097902097902098,3,0.6643356643356644,2,0.7902097902097903
batch_5,42,1,0.43356643356643365,1,0.7832167832167832,2,0.8321678321678322
batch_5,43,1,0.16783216783216784,1,0.7972027972027973,5,0.1258741258741259
batch_5,44,5,-0.25874125874125875,3,0.7272727272727274,1,0.4265734265734266
batch_5,45,9,0.39860139860139865,1,0.7692307692307694,1,0.7762237762237763
batch_5,46,6,-0.04895104895104895,5,0.6433566433566434,3,0.2937062937062937
batch_5,47,2,0.0,1,0.3846153846153847,9,0.4265734265734266
batch_5,48,2,0.4545454545454546,6,0.6573426573426573,2,0.8741258741258742
batch_5,49,7,0.30069930069930073,3,0.7272727272727274,2,0.4055944055944056
batch_5,4,1,0.6853146853146854,5,0.7412587412587414,4,0.25874125874125875
batch_5,50,2,0.4825174825174825,3,0.8601398601398602,1,0.3216783216783217
batch_5,51,11,0.10489510489510491,1,0.8671328671328673,5,0.1188811188811189
batch_5,52,4,0.0,1,0.9020979020979022,1,0.7972027972027973
batch_5,53,3,0.2797202797202798,1,0.6643356643356644,4,0.5524475524475525
batch_5,54,6,0.20979020979020982,1,0.7622377622377624,1,0.7272727272727274
batch_5,55,3,-0.21678321678321683,4,0.5664335664335665,3,0.6783216783216784
batch_5,56,10,-0.35664335664335667,1,0.6153846153846154,5,0.8181818181818183
batch_5,57,2,0.08391608391608392,3,0.7552447552447553,1,0.6013986013986015
batch_5,58,8,0.16083916083916086,1,0.7132867132867133,7,0.46153846153846156
batch_5,59,5,0.2377622377622378,7,0.5314685314685316,1,0.8041958041958043
batch_5,5,1,0.9790209790209792,2,0.2797202797202798,1,0.3706293706293707
batch_5,60,6,-0.44055944055944063,5,0.46153846153846156,1,0.46153846153846156
batch_5,61,4,0.3426573426573427,1,0.7062937062937064,7,0.2657342657342658
batch_5,62,4,0.21678321678321683,1,0.5664335664335665,5,0.7202797202797203
batch_5,63,7,0.34965034965034975,1,0.5314685314685316,3,0.7132867132867133
batch_5,64,2,0.18181818181818185,1,0.8391608391608393,4,0.43356643356643365
batch_5,65,4,0.27272727272727276,1,0.8391608391608393,1,0.6993006993006995
batch_5,66,4,0.4895104895104896,2,0.7622377622377624,1,0.5874125874125874
batch_5,67,5,0.8461538461538463,2,0.7622377622377624,3,0.15384615384615385
batch_5,68,12,-0.3916083916083916,1,0.9300699300699302,1,0.7272727272727274
batch_5,69,9,-0.2657342657342658,6,0.5594405594405596,1,0.6643356643356644
batch_5,6,9,0.4265734265734266,4,0.6993006993006995,2,0.4545454545454546
batch_5,70,3,0.37762237762237766,1,0.4755244755244756,7,0.6013986013986015
batch_5,71,5,0.5944055944055945,4,0.39860139860139865,1,0.5104895104895105
batch_5,72,1,0.9020979020979022,4,0.31468531468531474,3,0.1258741258741259
batch_5,73,10,-0.46153846153846156,3,0.6993006993006995,5,0.4755244755244756
batch_5,74,6,0.09090909090909093,1,0.7202797202797203,5,0.5594405594405596
batch_5,75,8,-0.006993006993006993,1,0.8251748251748254,4,0.8041958041958043
batch_5,76,6,0.39860139860139865,4,0.7972027972027973,1,0.5664335664335665
batch_5,77,10,0.0979020979020979,3,0.5174825174825175,4,0.5944055944055945
batch_5,78,3,0.39860139860139865,1,0.8321678321678322,8,0.5524475524475525
batch_5,79,4,0.43356643356643365,3,0.8321678321678322,5,0.18181818181818185
batch_5,7,1,0.5104895104895105,8,0.21678321678321683,4,0.6013986013986015
batch_5,80,3,0.2517482517482518,2,0.39860139860139865,3,0.8391608391608393
batch_5,81,3,0.08391608391608392,1,0.6363636363636365,3,0.5244755244755246
batch_5,82,10,0.20979020979020982,2,0.6713286713286714,1,0.2657342657342658
batch_5,83,8,-0.31468531468531474,2,0.6643356643356644,3,0.7902097902097903
batch_5,84,12,0.055944055944055944,1,0.3426573426573427,1,0.8251748251748254
batch_5,85,7,-0.1958041958041958,2,0.7412587412587414,1,0.6783216783216784
batch_5,86,5,0.3636363636363637,5,0.6643356643356644,2,0.43356643356643365
batch_5,87,8,0.027972027972027972,1,0.8811188811188813,12,0.30069930069930073
batch_5,88,7,0.30069930069930073,4,0.7762237762237763,1,0.8601398601398602
batch_5,89,2,0.11188811188811189,3,0.6013986013986015,1,0.22377622377622378
batch_5,8,1,0.46153846153846156,3,0.4545454545454546,6,-0.04895104895104895
batch_5,90,2,0.35664335664335667,1,0.49650349650349657,2,0.7832167832167832
batch_5,91,7,0.055944055944055944,1,0.8951048951048951,1,0.9860139860139862
batch_5,92,8,0.06993006993006995,1,0.6013986013986015,7,0.34965034965034975
batch_5,93,3,0.08391608391608392,1,0.8671328671328673,3,0.7202797202797203
batch_5,94,4,0.30069930069930073,1,0.6643356643356644,6,0.6643356643356644
batch_5,95,2,-0.09090909090909093,1,0.8671328671328673,5,0.6083916083916086
batch_5,96,3,0.30069930069930073,2,0.7062937062937064,3,0.7972027972027973
batch_5,97,11,0.39860139860139865,2,0.4055944055944056,2,-0.027972027972027972
batch_5,98,2,0.8601398601398602,1,0.3076923076923077,7,0.027972027972027972
batch_5,99,1,0.1398601398601399,2,0.6853146853146854,4,0.8671328671328673
batch_5,9,4,0.04895104895104895,2,0.9160839160839163,2,0.7412587412587414
batch_6,0,5,0.1398601398601399,1,0.6923076923076924,5,0.7482517482517484
batch_6,100,11,0.20979020979020982,1,0.5244755244755246,1,0.6223776223776225
batch_6,101,7,-0.25874125874125875,1,0.8671328671328673,5,0.7412587412587414
batch_6,102,5,0.3076923076923077,1,0.3216783216783217,10,0.006993006993006993
batch_6,103,3,0.5734265734265735,2,0.7692307692307694,4,0.5034965034965035
batch_6,104,4,0.34965034965034975,5,0.10489510489510491,4,0.8111888111888113
batch_6,105,2,0.7342657342657343,5,0.5734265734265735,2,0.8671328671328673
batch_6,106,3,-0.1188811188811189,4,0.4825174825174825,4,0.4685314685314686
batch_6,107,2,0.25874125874125875,6,0.6643356643356644,1,0.5174825174825175
batch_6,108,9,-0.4125874125874127,3,0.6223776223776225,1,0.5034965034965035
batch_6,109,8,0.27272727272727276,1,0.5524475524475525,9,0.5174825174825175
batch_6,10,7,0.7062937062937064,2,0.7482517482517484,1,0.6713286713286714
batch_6,110,4,0.25874125874125875,1,0.5944055944055945,2,0.8251748251748254
batch_6,111,11,-0.08391608391608392,1,0.8041958041958043,7,0.27272727272727276
batch_6,112,5,0.18881118881118883,3,0.4685314685314686,4,0.7902097902097903
batch_6,113,1,0.2657342657342658,1,0.7482517482517484,2,0.6573426573426573
batch_6,114,3,0.5454545454545455,1,0.34965034965034975,6,0.6363636363636365
batch_6,115,6,0.46153846153846156,1,0.21678321678321683,6,0.5314685314685316
batch_6,116,1,0.8951048951048951,1,0.17482517482517487,5,0.12609476430090233
batch_6,117,1,0.7552447552447553,5,0.6573426573426573,2,0.17482517482517487
batch_6,118,8,0.3426573426573427,2,0.5314685314685316,3,0.6503496503496504
batch_6,119,4,0.3216783216783217,1,0.5734265734265735,4,0.6713286713286714
batch_6,11,5,-0.2027972027972028,1,0.5594405594405596,7,0.6853146853146854
batch_6,120,5,0.2797202797202798,5,0.8041958041958043,1,0.8671328671328673
batch_6,121,1,0.4265734265734266,3,0.4755244755244756,1,0.6153846153846154
batch_6,122,4,-0.006993006993006993,1,0.7132867132867133,2,0.6153846153846154
batch_6,123,5,0.7412587412587414,7,0.7832167832167832,3,0.18181818181818185
batch_6,124,8,0.0979020979020979,1,0.8951048951048951,2,0.8601398601398602
batch_6,125,12,-0.4825174825174825,1,0.7412587412587414,4,0.31468531468531474
batch_6,126,6,-0.30069930069930073,2,0.7692307692307694,1,0.6363636363636365
batch_6,127,10,-0.2867132867132868,2,0.5524475524475525,3,0.43356643356643365
batch_6,128,2,0.39860139860139865,1,0.7062937062937064,8,0.5314685314685316
batch_6,129,2,0.39860139860139865,1,0.7482517482517484,10,0.3216783216783217
batch_6,12,12,-0.18881118881118883,1,0.7202797202797203,3,0.3426573426573427
batch_6,130,10,-0.5664335664335665,4,0.6853146853146854,1,0.7622377622377624
batch_6,131,7,-0.02097902097902098,3,0.8391608391608393,1,0.5174825174825175
batch_6,132,1,0.5664335664335665,2,0.7552447552447553,4,0.7342657342657343
batch_6,133,3,0.006993006993006993,1,0.8461538461538463,2,0.8531468531468532
batch_6,134,7,0.3706293706293707,1,0.8881118881118882,3,0.18181818181818185
batch_6,135,4,0.0,2,0.5874125874125874,4,0.6363636363636365
batch_6,136,5,-0.04895104895104895,2,0.31468531468531474,4,0.6153846153846154
batch_6,137,8,0.1258741258741259,1,0.5804195804195805,8,0.5594405594405596
batch_6,138,4,0.6083916083916086,3,0.39860139860139865,6,0.6083916083916086
batch_6,139,7,-0.2377622377622378,1,0.8671328671328673,5,0.49650349650349657
batch_6,13,6,0.6783216783216784,1,-0.0979020979020979,8,0.2517482517482518
batch_6,140,1,0.49650349650349657,1,0.9510489510489512,5,0.4055944055944056
batch_6,141,9,0.37762237762237766,2,0.7832167832167832,5,0.5454545454545455
batch_6,142,2,-0.0979020979020979,3,0.7272727272727274,5,0.2027972027972028
batch_6,143,10,0.09090909090909093,2,0.6083916083916086,4,0.7062937062937064
batch_6,144,2,0.18881118881118883,4,0.6153846153846154,3,0.7132867132867133
batch_6,145,8,0.4055944055944056,5,0.7762237762237763,2,0.18181818181818185
batch_6,146,10,-0.46153846153846156,1,0.7972027972027973,5,0.34965034965034975
batch_6,147,1,0.3216783216783217,5,0.5174825174825175,2,0.6293706293706295
batch_6,148,8,0.10489510489510491,1,0.6713286713286714,5,0.7902097902097903
batch_6,149,2,0.21678321678321683,2,0.8251748251748254,2,0.6853146853146854
batch_6,14,2,0.21678321678321683,1,0.9440559440559443,1,0.18181818181818185
batch_6,150,1,0.8741258741258742,8,0.2517482517482518,2,0.30069930069930073
batch_6,151,2,-0.1328671328671329,1,0.8601398601398602,8,0.30069930069930073
batch_6,152,5,0.3636363636363637,2,0.7692307692307694,2,0.8531468531468532
batch_6,153,4,0.5734265734265735,4,0.8251748251748254,3,0.46153846153846156
batch_6,154,2,-0.18881118881118883,1,0.8321678321678322,3,0.7972027972027973
batch_6,155,10,-0.3916083916083916,2,0.6363636363636365,2,0.8181818181818183
batch_6,156,9,-0.15384615384615385,2,0.5664335664335665,4,0.6643356643356644
batch_6,157,1,0.5314685314685316,1,0.4265734265734266,7,0.04195804195804196
batch_6,158,3,0.3846153846153847,3,0.1958041958041958,4,0.7202797202797203
batch_6,159,4,0.37762237762237766,1,0.6783216783216784,1,0.8391608391608393
batch_6,15,5,0.44755244755244755,1,0.8601398601398602,8,0.4825174825174825
batch_6,160,4,0.1398601398601399,7,0.5384615384615385,2,0.6363636363636365
batch_6,161,6,-0.04195804195804196,4,0.5804195804195805,1,0.35664335664335667
batch_6,162,1,0.8601398601398602,8,0.2377622377622378,9,0.34965034965034975
batch_6,163,1,0.2517482517482518,1,0.8321678321678322,1,0.7902097902097903
batch_6,164,4,-0.06993006993006995,3,0.5454545454545455,5,0.6293706293706295
batch_6,165,6,0.41958041958041964,2,0.4125874125874127,2,0.8391608391608393
batch_6,166,2,0.21678321678321683,1,0.5454545454545455,4,0.44755244755244755
batch_6,167,12,-0.027972027972027972,1,0.8041958041958043,1,0.5734265734265735
batch_6,168,4,0.9160839160839163,5,0.5454545454545455,1,0.07692307692307693
batch_6,169,10,0.17482517482517487,2,0.8111888111888113,4,0.4755244755244756
batch_6,16,4,0.5174825174825175,2,0.6433566433566434,4,0.35664335664335667
batch_6,170,5,0.2027972027972028,2,0.7482517482517484,4,0.4125874125874127
batch_6,171,2,0.8951048951048951,1,0.5524475524475525,9,-0.04895104895104895
batch_6,172,11,-0.2517482517482518,4,0.7972027972027973,1,0.3706293706293707
batch_6,173,1,0.27272727272727276,1,0.7692307692307694,4,0.8251748251748254
batch_6,174,8,0.27272727272727276,3,0.9020979020979022,1,0.7762237762237763
batch_6,175,6,-0.006993006993006993,2,0.7832167832167832,2,0.7062937062937064
batch_6,176,2,0.7132867132867133,6,-0.006993006993006993,1,-0.055944055944055944
batch_6,177,8,0.09090909090909093,1,0.6853146853146854,1,0.5594405594405596
batch_6,178,8,0.3076923076923077,1,0.7622377622377624,4,0.7132867132867133
batch_6,179,5,-0.07692307692307693,1,0.8391608391608393,10,0.5104895104895105
batch_6,17,5,-0.09090909090909093,2,0.4895104895104896,5,0.6713286713286714
batch_6,180,12,-0.2797202797202798,1,0.9020979020979022,4,0.8951048951048951
batch_6,181,4,0.1958041958041958,4,0.7132867132867133,3,0.6153846153846154
batch_6,182,1,0.49650349650349657,1,0.6013986013986015,3,0.7622377622377624
batch_6,183,7,-0.31468531468531474,7,0.7412587412587414,1,0.7552447552447553
batch_6,184,1,0.04195804195804196,3,0.8881118881118882,7,0.49650349650349657
batch_6,185,8,0.4545454545454546,3,0.9020979020979022,2,0.17482517482517487
batch_6,186,4,0.034965034965034975,1,0.8391608391608393,10,0.4055944055944056
batch_6,187,3,-0.3426573426573427,2,0.8671328671328673,6,0.5104895104895105
batch_6,188,1,0.965034965034965,4,0.6223776223776225,4,0.17482517482517487
batch_6,189,1,0.2657342657342658,1,0.6223776223776225,9,0.4825174825174825
batch_6,18,4,0.7692307692307694,6,0.5314685314685316,2,0.1328671328671329
batch_6,190,2,0.6853146853146854,1,0.7202797202797203,8,0.35664335664335667
batch_6,191,4,0.6993006993006995,7,0.23076923076923078,5,0.25874125874125875
batch_6,192,8,-0.16783216783216784,1,0.6363636363636365,6,0.49650349650349657
batch_6,193,10,0.013986013986013986,1,0.7832167832167832,2,0.5594405594405596
batch_6,194,4,-0.34965034965034975,3,0.5384615384615385,2,0.8321678321678322
batch_6,195,7,0.39860139860139865,3,0.7972027972027973,1,0.5244755244755246
batch_6,196,7,0.30069930069930073,1,0.9580419580419581,4,0.6363636363636365
batch_6,197,9,0.5104895104895105,1,0.7202797202797203,3,0.31468531468531474
batch_6,198,4,-0.1958041958041958,3,0.7202797202797203,2,0.7552447552447553
batch_6,199,8,0.3356643356643357,7,0.6223776223776225,1,0.4825174825174825
batch_6,19,5,0.04195804195804196,3,0.6783216783216784,2,0.6853146853146854
batch_6,1,10,0.2797202797202798,2,0.7132867132867133,4,0.4055944055944056
batch_6,200,3,0.37762237762237766,1,0.8461538461538463,5,0.7622377622377624
batch_6,201,2,0.7622377622377624,3,0.3216783216783217,3,0.2657342657342658
batch_6,202,5,0.41958041958041964,1,0.8881118881118882,1,0.8321678321678322
batch_6,203,10,-0.09090909090909093,2,0.7412587412587414,2,0.5734265734265735
batch_6,204,1,0.16083916083916086,1,0.6713286713286714,8,0.4055944055944056
batch_6,205,3,0.3916083916083916,2,0.5944055944055945,6,0.5034965034965035
batch_6,206,6,0.3076923076923077,2,0.8671328671328673,3,0.5314685314685316
batch_6,207,10,0.22377622377622378,1,0.8251748251748254,1,0.3706293706293707
batch_6,208,4,0.2797202797202798,3,0.5104895104895105,8,0.5384615384615385
batch_6,209,11,-0.006993006993006993,1,0.7832167832167832,1,0.9720279720279721
batch_6,20,3,0.8671328671328673,7,0.35664335664335667,3,0.5454545454545455
batch_6,210,10,0.14685314685314685,1,0.5524475524475525,2,0.7342657342657343
batch_6,211,2,0.7552447552447553,1,0.6713286713286714,1,0.5034965034965035
batch_6,212,10,0.25874125874125875,2,0.6643356643356644,1,0.8251748251748254
batch_6,213,1,0.3706293706293707,5,0.6923076923076924,1,0.3846153846153847
batch_6,214,7,0.22377622377622378,2,0.8601398601398602,2,0.6503496503496504
batch_6,215,9,0.23076923076923078,1,0.7202797202797203,3,0.18181818181818185
batch_6,216,7,0.18881118881118883,2,0.6013986013986015,3,0.5314685314685316
batch_6,217,6,-0.16783216783216784,1,0.6153846153846154,3,0.7622377622377624
batch_6,218,9,-0.49650349650349657,1,0.7342657342657343,3,0.4545454545454546
batch_6,219,12,-0.013986013986013986,1,0.9230769230769231,7,0.44755244755244755
batch_6,21,7,-0.06293706293706294,1,0.9230769230769231,5,0.5524475524475525
batch_6,220,10,-0.013986013986013986,1,0.7552447552447553,2,0.8041958041958043
batch_6,221,11,-0.3636363636363637,3,0.7202797202797203,1,0.4125874125874127
batch_6,222,2,0.43356643356643365,1,0.5664335664335665,5,0.6433566433566434
batch_6,223,10,0.14685314685314685,1,0.5104895104895105,5,0.7622377622377624
batch_6,224,3,0.9370629370629372,5,0.06293706293706294,5,0.6783216783216784
batch_6,225,6,0.3216783216783217,3,0.6433566433566434,5,0.20979020979020982
batch_6,226,1,0.4685314685314686,1,0.6993006993006995,2,0.6713286713286714
batch_6,227,4,0.30069930069930073,2,0.5034965034965035,4,0.6503496503496504
batch_6,228,2,0.6713286713286714,1,0.6433566433566434,1,0.6643356643356644
batch_6,229,1,0.5174825174825175,2,0.6153846153846154,9,0.2657342657342658
batch_6,22,11,-0.18181818181818185,1,0.7272727272727274,5,0.3706293706293707
batch_6,230,7,-0.2937062937062937,1,0.5664335664335665,6,0.6013986013986015
batch_6,231,2,-0.055944055944055944,2,0.6083916083916086,5,0.7132867132867133
batch_6,232,3,0.2657342657342658,1,0.6643356643356644,2,0.7692307692307694
batch_6,233,7,0.2027972027972028,3,0.7482517482517484,2,0.7482517482517484
batch_6,234,4,0.7902097902097903,2,0.44055944055944063,5,0.7832167832167832
batch_6,235,8,-0.23076923076923078,2,0.8741258741258742,5,0.5104895104895105
batch_6,236,7,0.06993006993006995,7,0.3846153846153847,1,0.2797202797202798
batch_6,237,7,-0.04895104895104895,5,0.8111888111888113,1,0.5944055944055945
batch_6,238,5,0.31468531468531474,1,0.8321678321678322,2,0.7902097902097903
batch_6,239,8,-0.034965034965034975,3,0.7342657342657343,1,0.5174825174825175
batch_6,23,6,0.6713286713286714,6,0.37762237762237766,3,0.5874125874125874
batch_6,240,6,0.5174825174825175,2,0.8111888111888113,3,0.3426573426573427
batch_6,241,11,-0.3916083916083916,5,0.7552447552447553,3,-0.21678321678321683
batch_6,242,5,0.4685314685314686,1,0.7692307692307694,1,0.2377622377622378
batch_6,243,8,-0.30069930069930073,1,0.8251748251748254,5,0.5804195804195805
batch_6,244,11,-0.4685314685314686,1,0.9440559440559443,4,0.7272727272727274
batch_6,245,7,-0.3216783216783217,2,0.9020979020979022,3,0.6923076923076924
batch_6,246,3,0.055944055944055944,1,0.8461538461538463,5,0.7692307692307694
batch_6,247,1,0.9020979020979022,4,0.02097902097902098,3,0.2867132867132868
batch_6,248,5,0.5034965034965035,3,0.41958041958041964,2,0.7202797202797203
batch_6,249,2,-0.013986013986013986,3,0.7832167832167832,1,0.4125874125874127
batch_6,24,3,0.2027972027972028,1,0.5384615384615385,3,0.6363636363636365
batch_6,25,8,-0.013986013986013986,1,0.8601398601398602,1,0.7692307692307694
batch_6,26,2,0.5034965034965035,5,0.3916083916083916,5,0.2797202797202798
batch_6,27,10,-0.1188811188811189,2,0.7972027972027973,1,0.5874125874125874
batch_6,28,8,-0.02097902097902098,2,0.7622377622377624,1,0.8251748251748254
batch_6,29,9,-0.0979020979020979,1,0.7972027972027973,3,0.34965034965034975
batch_6,2,5,0.0979020979020979,2,0.7342657342657343,4,0.5664335664335665
batch_6,30,12,-0.4265734265734266,1,0.6223776223776225,3,0.9090909090909092
batch_6,31,5,-0.1258741258741259,5,0.6783216783216784,1,0.6293706293706295
batch_6,32,9,0.2027972027972028,1,0.7692307692307694,6,0.41958041958041964
batch_6,33,10,0.013986013986013986,1,0.46153846153846156,3,0.8041958041958043
batch_6,34,10,0.1328671328671329,4,0.6713286713286714,1,0.8111888111888113
batch_6,35,2,0.4685314685314686,4,0.44055944055944063,6,0.4265734265734266
batch_6,36,6,0.4895104895104896,2,0.6013986013986015,3,0.4895104895104896
batch_6,37,3,0.5384615384615385,2,0.5454545454545455,1,0.2657342657342658
batch_6,38,5,0.04195804195804196,1,0.7622377622377624,1,0.6853146853146854
batch_6,39,2,0.7552447552447553,1,0.6503496503496504,9,-0.37762237762237766
batch_6,3,10,0.30069930069930073,3,0.3636363636363637,3,0.8321678321678322
batch_6,40,2,0.18881118881118883,6,0.4265734265734266,3,0.7132867132867133
batch_6,41,1,0.5034965034965035,1,0.6643356643356644,1,0.7622377622377624
batch_6,42,10,0.3916083916083916,1,0.7342657342657343,2,0.4055944055944056
batch_6,43,6,-0.16083916083916086,1,0.9300699300699302,2,0.7202797202797203
batch_6,44,5,0.7272727272727274,1,0.7342657342657343,12,-0.055944055944055944
batch_6,45,5,-0.1398601398601399,5,0.6293706293706295,1,0.8741258741258742
batch_6,46,7,0.44755244755244755,2,0.8321678321678322,5,0.2657342657342658
batch_6,47,3,0.37762237762237766,3,0.5524475524475525,3,0.7272727272727274
batch_6,48,6,-0.1958041958041958,2,0.7202797202797203,3,0.2377622377622378
batch_6,49,2,0.5944055944055945,3,0.1188811188811189,3,0.8391608391608393
batch_6,4,6,0.006993006993006993,8,0.4825174825174825,1,0.43356643356643365
batch_6,50,4,0.2447552447552448,1,0.8111888111888113,4,0.5594405594405596
batch_6,51,9,-0.5034965034965035,1,0.6503496503496504,7,0.5104895104895105
batch_6,52,9,-0.16783216783216784,2,0.7342657342657343,5,0.7552447552447553
batch_6,53,10,0.22377622377622378,2,0.5244755244755246,2,0.7342657342657343
batch_6,54,2,-0.3426573426573427,2,0.5734265734265735,7,0.32867132867132864
batch_6,55,2,0.5664335664335665,4,0.5524475524475525,1,0.4055944055944056
batch_6,56,5,0.5804195804195805,4,0.5454545454545455,3,0.5454545454545455
batch_6,57,4,-0.18881118881118883,1,0.7972027972027973,4,0.7062937062937064
batch_6,58,1,0.8881118881118882,1,0.6363636363636365,7,0.3916083916083916
batch_6,59,2,0.22377622377622378,1,0.3916083916083916,5,0.3076923076923077
batch_6,5,3,0.8321678321678322,1,0.5874125874125874,2,0.7062937062937064
batch_6,60,6,0.31468531468531474,4,0.8321678321678322,1,0.7342657342657343
batch_6,61,2,0.04895104895104895,7,0.6433566433566434,1,0.6363636363636365
batch_6,62,6,-0.5804195804195805,2,0.8251748251748254,1,0.8041958041958043
batch_6,63,12,-0.3426573426573427,1,0.9230769230769231,12,-0.44755244755244755
batch_6,64,5,-0.23076923076923078,2,0.6083916083916086,6,0.46153846153846156
batch_6,65,1,-0.06993006993006995,5,0.6363636363636365,1,0.5664335664335665
batch_6,66,6,0.5594405594405596,1,0.5314685314685316,4,0.22377622377622378
batch_6,67,2,0.1958041958041958,2,0.7552447552447553,6,0.7832167832167832
batch_6,68,2,-0.013986013986013986,1,0.5314685314685316,6,0.6503496503496504
batch_6,69,4,0.5314685314685316,1,0.5034965034965035,3,0.49650349650349657
batch_6,6,6,0.6573426573426573,1,0.21678321678321683,4,0.21678321678321683
batch_6,70,9,0.20979020979020982,2,0.8041958041958043,4,0.4685314685314686
batch_6,71,4,0.3216783216783217,4,0.8181818181818183,1,0.6153846153846154
batch_6,72,5,0.06293706293706294,1,0.7062937062937064,3,0.8321678321678322
batch_6,73,3,0.8741258741258742,10,0.16783216783216784,4,0.5524475524475525
batch_6,74,1,0.2797202797202798,1,0.7482517482517484,3,0.7622377622377624
batch_6,75,6,0.17482517482517487,2,0.5174825174825175,5,0.41958041958041964
batch_6,76,4,0.1958041958041958,3,0.7972027972027973,2,0.5384615384615385
batch_6,77,7,0.08391608391608392,1,0.6783216783216784,7,0.6643356643356644
batch_6,78,5,0.4265734265734266,1,0.7272727272727274,3,0.4545454545454546
batch_6,79,5,0.21678321678321683,8,0.1188811188811189,1,0.7412587412587414
batch_6,7,2,-0.20979020979020982,1,0.6853146853146854,6,0.3846153846153847
batch_6,80,11,-0.41958041958041964,2,0.6223776223776225,1,0.6503496503496504
batch_6,81,3,0.6433566433566434,2,0.5384615384615385,1,0.6923076923076924
batch_6,82,12,-0.27272727272727276,1,0.7342657342657343,3,0.7972027972027973
batch_6,83,7,0.41958041958041964,2,0.8111888111888113,2,0.41958041958041964
batch_6,84,2,0.6293706293706295,1,0.8041958041958043,1,0.8811188811188813
batch_6,85,2,0.055944055944055944,1,0.7412587412587414,3,0.6993006993006995
batch_6,86,1,0.18881118881118883,4,0.6713286713286714,4,0.4755244755244756
batch_6,87,3,0.7202797202797203,2,0.43356643356643365,3,0.08391608391608392
batch_6,88,5,0.7832167832167832,2,0.7552447552447553,6,-0.1258741258741259
batch_6,89,1,0.9090909090909092,7,-0.04195804195804196,5,-0.09090909090909093
batch_6,8,6,-0.16083916083916086,1,0.6643356643356644,5,0.7762237762237763
batch_6,90,8,-0.23076923076923078,1,0.8181818181818183,2,0.6713286713286714
batch_6,91,3,-0.3916083916083916,2,0.7412587412587414,4,0.7272727272727274
batch_6,92,10,0.5384615384615385,2,0.4895104895104896,2,0.7342657342657343
batch_6,93,2,0.7412587412587414,4,0.5454545454545455,4,0.49650349650349657
batch_6,94,12,-0.1328671328671329,1,0.8111888111888113,2,0.4545454545454546
batch_6,95,3,0.3846153846153847,1,0.7062937062937064,5,0.6503496503496504
batch_6,96,3,0.02097902097902098,4,0.3706293706293707,2,0.8181818181818183
batch_6,97,12,-0.8181818181818183,1,0.8461538461538463,4,0.7062937062937064
batch_6,98,2,0.9300699300699302,1,0.027972027972027972,6,-0.18881118881118883
batch_6,99,1,0.8671328671328673,4,-0.2867132867132868,3,0.013986013986013986
batch_6,9,1,0.5734265734265735,4,0.7062937062937064,2,0.4755244755244756
batch_7,0,10,0.034965034965034975,2,0.6433566433566434,4,0.6783216783216784
batch_7,100,2,0.5314685314685316,2,0.4755244755244756,1,0.6993006993006995
batch_7,101,6,-0.7202797202797203,2,0.7832167832167832,1,0.7902097902097903
batch_7,102,4,0.1398601398601399,2,0.6573426573426573,4,0.7342657342657343
batch_7,103,4,0.6363636363636365,1,0.8951048951048951,2,0.1188811188811189
batch_7,104,4,-0.3426573426573427,3,0.7482517482517484,3,0.8531468531468532
batch_7,105,3,0.5454545454545455,1,0.9160839160839163,3,0.7972027972027973
batch_7,106,8,-0.5454545454545455,2,0.8111888111888113,2,0.6293706293706295
batch_7,107,10,-0.027972027972027972,1,0.7062937062937064,6,0.7482517482517484
batch_7,108,4,0.34965034965034975,1,0.6293706293706295,5,0.7692307692307694
batch_7,109,4,0.2657342657342658,2,0.7692307692307694,3,0.7272727272727274
batch_7,10,2,-0.013986013986013986,1,0.8531468531468532,2,0.5804195804195805
batch_7,110,1,0.2657342657342658,3,0.8741258741258742,1,0.6153846153846154
batch_7,111,4,0.5944055944055945,6,0.4055944055944056,4,0.5524475524475525
batch_7,112,8,-0.1258741258741259,1,0.5174825174825175,2,0.4825174825174825
batch_7,113,5,0.5944055944055945,3,0.2797202797202798,1,0.5384615384615385
batch_7,114,5,-0.25874125874125875,3,0.7832167832167832,4,0.4055944055944056
batch_7,115,1,0.6503496503496504,1,0.6083916083916086,1,0.7762237762237763
batch_7,116,4,0.6643356643356644,2,0.7412587412587414,7,0.4125874125874127
batch_7,117,9,-0.4265734265734266,3,0.6853146853146854,2,0.4825174825174825
batch_7,118,2,0.5594405594405596,3,0.006993006993006993,2,0.6293706293706295
batch_7,119,1,0.8181818181818183,1,0.7832167832167832,10,-0.5034965034965035
batch_7,11,10,0.04195804195804196,5,0.44055944055944063,1,0.4755244755244756
batch_7,120,5,-0.15384615384615385,1,0.7972027972027973,2,0.4685314685314686
batch_7,121,8,-0.23076923076923078,1,0.7412587412587414,6,0.41958041958041964
batch_7,122,1,0.7972027972027973,1,0.5454545454545455,4,0.27272727272727276
batch_7,123,3,-0.20979020979020982,3,0.8461538461538463,3,0.7832167832167832
batch_7,124,9,0.15384615384615385,1,0.9370629370629372,12,0.16783216783216784
batch_7,125,9,0.04195804195804196,1,0.7622377622377624,6,0.7062937062937064
batch_7,126,7,0.3916083916083916,3,0.7622377622377624,1,0.5454545454545455
batch_7,127,10,-0.2027972027972028,1,0.8671328671328673,2,0.6223776223776225
batch_7,128,7,0.39860139860139865,1,0.5454545454545455,7,0.5664335664335665
batch_7,129,11,-0.4055944055944056,4,0.4825174825174825,6,0.5524475524475525
batch_7,12,4,0.18181818181818185,1,0.7622377622377624,5,0.8041958041958043
batch_7,130,5,0.04195804195804196,1,0.6223776223776225,1,0.7272727272727274
batch_7,131,11,0.08391608391608392,1,0.7972027972027973,2,0.7832167832167832
batch_7,132,5,-0.006993006993006993,4,0.6993006993006995,1,0.6083916083916086
batch_7,133,3,0.6153846153846154,1,0.5524475524475525,2,0.44755244755244755
batch_7,134,1,0.3916083916083916,2,0.7622377622377624,4,0.3216783216783217
batch_7,135,6,0.20979020979020982,1,0.7832167832167832,3,0.7692307692307694
batch_7,136,7,-0.006993006993006993,1,0.8041958041958043,6,0.3916083916083916
batch_7,137,3,0.21678321678321683,3,0.6923076923076924,1,0.7832167832167832
batch_7,138,8,0.21678321678321683,2,0.6713286713286714,2,0.8601398601398602
batch_7,139,3,0.44755244755244755,1,0.7692307692307694,2,0.8461538461538463
batch_7,13,12,-0.11188811188811189,2,0.5314685314685316,5,0.5734265734265735
batch_7,140,3,0.7062937062937064,1,0.1328671328671329,8,0.2027972027972028
batch_7,141,4,0.7622377622377624,3,0.7132867132867133,7,0.04895104895104895
batch_7,142,1,0.08391608391608392,1,0.7762237762237763,4,0.5034965034965035
batch_7,143,9,-0.1188811188811189,1,0.7902097902097903,4,0.8111888111888113
batch_7,144,2,0.9090909090909092,5,0.1958041958041958,2,0.32867132867132864
batch_7,145,2,0.16783216783216784,1,0.5524475524475525,6,0.5244755244755246
batch_7,146,7,-0.35664335664335667,3,0.49650349650349657,1,0.5664335664335665
batch_7,147,7,0.2937062937062937,1,0.8601398601398602,1,0.4265734265734266
batch_7,148,1,0.8391608391608393,8,0.14685314685314685,5,-0.17482517482517487
batch_7,149,1,0.3706293706293707,1,0.9300699300699302,1,0.7482517482517484
batch_7,14,2,0.034965034965034975,1,0.9300699300699302,1,0.8881118881118882
batch_7,150,1,0.6013986013986015,2,0.8531468531468532,3,0.4755244755244756
batch_7,151,5,0.14685314685314685,3,0.9230769230769231,1,0.6013986013986015
batch_7,152,1,0.32867132867132864,1,0.7132867132867133,1,0.9230769230769231
batch_7,153,9,-0.18881118881118883,1,0.7132867132867133,5,0.4265734265734266
batch_7,154,7,-0.2867132867132868,6,0.4895104895104896,2,0.7552447552447553
batch_7,155,1,0.4755244755244756,5,0.6293706293706295,5,0.11188811188811189
batch_7,156,1,0.4545454545454546,1,0.7902097902097903,5,0.4895104895104896
batch_7,157,1,0.5384615384615385,2,0.37762237762237766,1,0.6153846153846154
batch_7,158,2,0.027972027972027972,1,0.7832167832167832,5,0.5314685314685316
batch_7,159,1,0.8391608391608393,10,0.2517482517482518,1,0.30069930069930073
batch_7,15,10,-0.15384615384615385,2,0.7692307692307694,4,0.35664335664335667
batch_7,160,2,0.5594405594405596,1,0.8461538461538463,1,0.8111888111888113
batch_7,161,3,0.09090909090909093,1,0.8321678321678322,5,0.8391608391608393
batch_7,162,3,0.7132867132867133,1,0.44055944055944063,8,-0.034965034965034975
batch_7,163,3,0.2447552447552448,1,0.8251748251748254,7,0.27272727272727276
batch_7,164,7,0.44755244755244755,2,0.32867132867132864,1,0.5664335664335665
batch_7,165,2,0.6223776223776225,3,0.7902097902097903,1,0.6083916083916086
batch_7,166,4,0.4895104895104896,1,0.44055944055944063,8,0.44755244755244755
batch_7,167,1,0.10489510489510491,1,0.8811188811188813,10,0.5734265734265735
batch_7,168,3,0.9160839160839163,3,0.5524475524475525,1,0.4825174825174825
batch_7,169,2,0.2937062937062937,4,0.6433566433566434,2,0.6013986013986015
batch_7,16,4,0.30069930069930073,1,0.7902097902097903,7,0.2517482517482518
batch_7,170,3,0.7552447552447553,5,0.6853146853146854,2,0.4125874125874127
batch_7,171,12,-0.2867132867132868,3,0.8601398601398602,2,0.18881118881118883
batch_7,172,2,0.2517482517482518,1,0.8461538461538463,1,0.6853146853146854
batch_7,173,4,0.6293706293706295,2,0.5104895104895105,3,0.6293706293706295
batch_7,174,11,0.2937062937062937,4,0.6503496503496504,3,0.6223776223776225
batch_7,175,7,0.49650349650349657,1,0.6363636363636365,1,0.5664335664335665
batch_7,176,5,0.7202797202797203,4,0.25874125874125875,3,0.23076923076923078
batch_7,177,4,0.3846153846153847,1,0.9090909090909092,2,0.7062937062937064
batch_7,178,1,0.7412587412587414,6,0.1328671328671329,1,0.2867132867132868
batch_7,179,6,0.7132867132867133,1,0.5734265734265735,1,0.5454545454545455
batch_7,17,3,0.965034965034965,4,0.0979020979020979,2,0.6433566433566434
batch_7,180,3,0.5944055944055945,1,0.6363636363636365,4,0.5944055944055945
batch_7,181,1,0.8881118881118882,2,0.3846153846153847,7,0.10489510489510491
batch_7,182,8,0.006993006993006993,3,0.5174825174825175,4,0.5874125874125874
batch_7,183,10,0.10489510489510491,1,0.7132867132867133,4,0.5874125874125874
batch_7,184,6,-0.44055944055944063,1,0.8461538461538463,1,0.44755244755244755
batch_7,185,7,0.1188811188811189,3,0.7832167832167832,6,0.16783216783216784
batch_7,186,2,-0.11188811188811189,2,0.6503496503496504,2,0.4685314685314686
batch_7,187,5,-0.44755244755244755,1,0.6573426573426573,8,0.31468531468531474
batch_7,188,2,0.6923076923076924,3,0.5244755244755246,6,0.07692307692307693
batch_7,189,6,0.21678321678321683,6,0.7832167832167832,1,0.3076923076923077
batch_7,18,10,-0.5034965034965035,2,0.8321678321678322,2,0.7482517482517484
batch_7,190,8,0.22377622377622378,7,0.49650349650349657,3,0.27272727272727276
batch_7,191,2,0.5174825174825175,2,0.5944055944055945,1,0.5734265734265735
batch_7,192,6,-0.2657342657342658,4,0.17482517482517487,1,0.7972027972027973
batch_7,193,8,0.04195804195804196,1,0.5314685314685316,2,0.5944055944055945
batch_7,194,8,-0.4895104895104896,1,0.6573426573426573,4,0.7132867132867133
batch_7,195,9,-0.30069930069930073,3,0.7692307692307694,1,0.5734265734265735
batch_7,196,3,-0.18881118881118883,1,0.9020979020979022,4,0.8601398601398602
batch_7,197,8,-0.34965034965034975,1,0.3426573426573427,1,0.9230769230769231
batch_7,198,7,0.25874125874125875,1,0.8811188811188813,3,0.6853146853146854
batch_7,199,10,0.18881118881118883,1,0.7132867132867133,4,0.7832167832167832
batch_7,19,10,-0.37762237762237766,1,0.7132867132867133,3,0.6783216783216784
batch_7,1,5,0.2937062937062937,2,0.9160839160839163,6,0.5944055944055945
batch_7,200,5,0.43356643356643365,2,0.7062937062937064,6,0.20979020979020982
batch_7,201,9,0.2517482517482518,1,0.8671328671328673,7,0.49650349650349657
batch_7,202,2,0.9020979020979022,6,-0.2027972027972028,1,0.5454545454545455
batch_7,203,3,0.32867132867132864,1,0.6713286713286714,8,0.43356643356643365
batch_7,204,3,0.4055944055944056,2,0.6573426573426573,3,0.5944055944055945
batch_7,205,5,0.3216783216783217,2,0.43356643356643365,5,0.5804195804195805
batch_7,206,1,0.6363636363636365,1,0.37762237762237766,10,0.34965034965034975
batch_7,207,2,0.2657342657342658,2,0.6643356643356644,1,0.3916083916083916
batch_7,208,1,0.7062937062937064,1,0.7482517482517484,4,0.5454545454545455
batch_7,209,1,0.6783216783216784,1,0.3706293706293707,2,0.7272727272727274
batch_7,20,4,0.35664335664335667,3,0.5174825174825175,1,0.6643356643356644
batch_7,210,4,0.6153846153846154,1,0.15384615384615385,1,0.17482517482517487
batch_7,211,4,0.20979020979020982,2,0.965034965034965,1,0.7132867132867133
batch_7,212,4,0.034965034965034975,2,0.6573426573426573,2,0.8811188811188813
batch_7,213,4,0.6643356643356644,3,0.8251748251748254,1,0.7692307692307694
batch_7,214,8,0.5454545454545455,1,0.6783216783216784,1,0.7062937062937064
batch_7,215,1,0.3846153846153847,1,0.7832167832167832,4,0.4125874125874127
batch_7,216,5,0.055944055944055944,7,0.5734265734265735,7,0.3216783216783217
batch_7,217,4,0.8181818181818183,6,-0.04895104895104895,1,0.6573426573426573
batch_7,218,1,0.5174825174825175,9,0.4055944055944056,1,0.46153846153846156
batch_7,219,11,-0.22377622377622378,1,0.7902097902097903,4,0.7552447552447553
batch_7,21,4,-0.034965034965034975,4,0.8181818181818183,1,0.7972027972027973
batch_7,220,5,-0.15384615384615385,5,0.7202797202797203,1,0.6713286713286714
batch_7,221,8,0.14685314685314685,2,0.6293706293706295,2,0.5174825174825175
batch_7,222,10,-0.1328671328671329,1,0.8041958041958043,3,0.5174825174825175
batch_7,223,1,0.2937062937062937,4,0.6923076923076924,5,0.6293706293706295
batch_7,224,1,0.3426573426573427,1,0.7202797202797203,4,0.27272727272727276
batch_7,225,9,-0.006993006993006993,1,0.7972027972027973,1,0.6293706293706295
batch_7,226,3,0.7342657342657343,3,0.5804195804195805,4,0.3076923076923077
batch_7,227,7,0.4055944055944056,3,0.6503496503496504,4,0.5594405594405596
batch_7,228,7,-0.2447552447552448,4,0.6713286713286714,3,-0.07692307692307693
batch_7,229,10,0.4755244755244756,1,0.7202797202797203,3,0.41958041958041964
batch_7,22,2,0.3846153846153847,3,0.6153846153846154,3,0.7762237762237763
batch_7,230,6,0.37762237762237766,1,0.7692307692307694,5,0.7482517482517484
batch_7,231,5,0.25874125874125875,3,0.6293706293706295,3,0.5734265734265735
batch_7,232,10,-0.055944055944055944,1,0.6013986013986015,6,0.7622377622377624
batch_7,233,12,-0.22377622377622378,2,0.8601398601398602,7,-0.1958041958041958
batch_7,234,4,0.04895104895104895,1,0.5314685314685316,5,0.6433566433566434
batch_7,235,1,0.8391608391608393,1,0.11188811188811189,12,0.2797202797202798
batch_7,236,11,-0.013986013986013986,2,0.8391608391608393,1,0.4545454545454546
batch_7,237,11,0.3706293706293707,1,0.9580419580419581,1,0.7972027972027973
batch_7,238,10,0.35664335664335667,3,0.7762237762237763,3,0.6083916083916086
batch_7,239,7,-0.43356643356643365,6,0.5804195804195805,1,0.4265734265734266
batch_7,23,4,0.2447552447552448,3,0.6293706293706295,3,0.5664335664335665
batch_7,240,9,-0.16083916083916086,1,0.3916083916083916,2,0.9020979020979022
batch_7,241,9,0.3636363636363637,1,0.7832167832167832,1,0.7132867132867133
batch_7,242,1,0.5034965034965035,4,0.44755244755244755,2,0.8041958041958043
batch_7,243,2,0.07692307692307693,1,0.5874125874125874,1,0.7972027972027973
batch_7,244,11,-0.39860139860139865,1,0.8951048951048951,4,0.7552447552447553
batch_7,245,5,0.31468531468531474,4,0.7552447552447553,1,0.6223776223776225
batch_7,246,6,0.0979020979020979,4,0.04195804195804196,4,0.6783216783216784
batch_7,247,8,0.1398601398601399,1,0.6433566433566434,7,0.6433566433566434
batch_7,248,12,-0.2797202797202798,1,0.8181818181818183,2,0.6853146853146854
batch_7,249,12,-0.22377622377622378,1,0.9230769230769231,2,0.8951048951048951
batch_7,24,10,0.1328671328671329,2,0.7622377622377624,2,0.6923076923076924
batch_7,25,8,0.15384615384615385,2,0.5804195804195805,4,0.7412587412587414
batch_7,26,2,0.2797202797202798,2,0.6223776223776225,1,0.7692307692307694
batch_7,27,6,0.27272727272727276,1,0.6853146853146854,5,0.46153846153846156
batch_7,28,9,0.23076923076923078,1,0.6923076923076924,2,0.6363636363636365
batch_7,29,1,0.5174825174825175,3,0.7902097902097903,2,0.2867132867132868
batch_7,2,2,0.41958041958041964,1,0.3426573426573427,1,0.8601398601398602
batch_7,30,4,-0.2027972027972028,1,0.5874125874125874,3,0.6993006993006995
batch_7,31,2,0.6993006993006995,4,0.6363636363636365,1,0.6573426573426573
batch_7,32,6,0.4055944055944056,1,0.8321678321678322,1,0.7622377622377624
batch_7,33,5,0.06993006993006995,1,0.5594405594405596,6,0.6153846153846154
batch_7,34,3,-0.1258741258741259,1,0.43356643356643365,7,0.6083916083916086
batch_7,35,2,0.6293706293706295,5,0.7342657342657343,2,0.013986013986013986
batch_7,36,10,-0.30069930069930073,2,0.7902097902097903,2,0.6783216783216784
batch_7,37,2,0.3216783216783217,2,0.8181818181818183,2,0.6083916083916086
batch_7,38,7,0.5174825174825175,5,0.6223776223776225,1,0.3916083916083916
batch_7,39,5,0.1258741258741259,1,0.7832167832167832,7,0.44055944055944063
batch_7,3,3,0.34965034965034975,3,0.6923076923076924,9,0.4755244755244756
batch_7,40,12,-0.1188811188811189,8,0.17482517482517487,1,0.5874125874125874
batch_7,41,1,0.055944055944055944,1,0.7342657342657343,4,0.7902097902097903
batch_7,42,8,0.25874125874125875,1,0.5804195804195805,3,0.6503496503496504
batch_7,43,3,0.2027972027972028,2,0.7692307692307694,6,0.46153846153846156
batch_7,44,10,0.07692307692307693,1,0.6923076923076924,1,0.7552447552447553
batch_7,45,11,-0.5454545454545455,2,0.7762237762237763,2,0.8041958041958043
batch_7,46,4,0.6153846153846154,1,0.9160839160839163,4,0.6783216783216784
batch_7,47,1,0.16783216783216784,6,0.5874125874125874,2,0.4685314685314686
batch_7,48,4,0.2377622377622378,3,0.8601398601398602,2,0.6853146853146854
batch_7,49,7,-0.013986013986013986,3,0.8601398601398602,2,0.7552447552447553
batch_7,4,6,0.25874125874125875,1,0.6923076923076924,3,0.7132867132867133
batch_7,50,2,0.1188811188811189,1,0.7902097902097903,2,0.9580419580419581
batch_7,51,8,-0.5174825174825175,1,0.8391608391608393,2,0.7342657342657343
batch_7,52,2,-0.027972027972027972,1,0.8601398601398602,3,0.06293706293706294
batch_7,53,2,-0.1328671328671329,5,0.4265734265734266,3,0.4755244755244756
batch_7,54,1,0.034965034965034975,1,0.8671328671328673,1,0.7552447552447553
batch_7,55,4,0.2447552447552448,2,0.6643356643356644,1,0.7762237762237763
batch_7,56,6,0.7902097902097903,1,0.6573426573426573,2,0.4545454545454546
batch_7,57,11,0.32867132867132864,1,0.6783216783216784,5,0.7692307692307694
batch_7,58,5,-0.31468531468531474,1,0.8461538461538463,11,0.39860139860139865
batch_7,59,7,0.6853146853146854,1,0.5944055944055945,1,0.6853146853146854
batch_7,5,2,0.1398601398601399,2,0.8741258741258742,1,0.5804195804195805
batch_7,60,10,0.15384615384615385,1,0.9020979020979022,4,0.7552447552447553
batch_7,61,6,-0.027972027972027972,1,0.7412587412587414,5,0.5314685314685316
batch_7,62,4,0.5454545454545455,2,0.5454545454545455,5,0.6853146853146854
batch_7,63,10,-0.3076923076923077,5,0.5664335664335665,4,0.5734265734265735
batch_7,64,11,-0.7132867132867133,3,0.2447552447552448,2,0.8041958041958043
batch_7,65,10,0.1328671328671329,1,0.5524475524475525,6,0.7972027972027973
batch_7,66,12,-0.5384615384615385,1,0.6783216783216784,2,0.1188811188811189
batch_7,67,4,0.41958041958041964,2,0.6363636363636365,7,0.4545454545454546
batch_7,68,6,0.49650349650349657,3,0.5664335664335665,4,0.2027972027972028
batch_7,69,4,0.5174825174825175,1,0.4895104895104896,3,0.39860139860139865
batch_7,6,6,0.2937062937062937,3,0.4895104895104896,2,0.6363636363636365
batch_7,70,6,0.3846153846153847,6,0.5804195804195805,2,0.6503496503496504
batch_7,71,10,0.3706293706293707,1,0.22377622377622378,6,0.1398601398601399
batch_7,72,2,0.5804195804195805,1,0.6783216783216784,1,0.4685314685314686
batch_7,73,10,-0.43356643356643365,1,0.5664335664335665,6,0.7202797202797203
batch_7,74,5,0.3636363636363637,1,0.6853146853146854,4,0.7272727272727274
batch_7,75,8,-0.08391608391608392,1,0.8741258741258742,5,0.2797202797202798
batch_7,76,6,0.2447552447552448,1,0.5174825174825175,1,0.6853146853146854
batch_7,77,3,0.17482517482517487,4,0.44755244755244755,3,0.44755244755244755
batch_7,78,8,0.3076923076923077,3,0.5244755244755246,3,0.39860139860139865
batch_7,79,7,0.11188811188811189,2,0.7482517482517484,4,0.4825174825174825
batch_7,7,4,0.14685314685314685,2,0.7902097902097903,2,0.6643356643356644
batch_7,80,10,0.20979020979020982,1,0.7552447552447553,7,0.7202797202797203
batch_7,81,4,-0.1958041958041958,1,0.6503496503496504,2,0.41958041958041964
batch_7,82,3,-0.3076923076923077,2,0.7972027972027973,3,0.8391608391608393
batch_7,83,5,0.35664335664335667,1,0.8671328671328673,3,0.4545454545454546
batch_7,84,5,0.4265734265734266,3,0.6363636363636365,7,0.39860139860139865
batch_7,85,6,-0.16083916083916086,1,0.8321678321678322,7,0.6853146853146854
batch_7,86,10,-0.4055944055944056,3,0.49650349650349657,1,0.6573426573426573
batch_7,87,2,0.4755244755244756,1,0.8671328671328673,6,0.6153846153846154
batch_7,88,1,-0.21678321678321683,1,0.6993006993006995,6,0.7062937062937064
batch_7,89,7,0.2867132867132868,1,0.7272727272727274,5,0.1328671328671329
batch_7,8,8,0.2657342657342658,1,0.6223776223776225,4,0.6363636363636365
batch_7,90,11,0.07692307692307693,5,0.46153846153846156,1,0.3706293706293707
batch_7,91,10,-0.055944055944055944,2,0.8181818181818183,1,0.7762237762237763
batch_7,92,6,0.44755244755244755,3,0.35664335664335667,3,0.4895104895104896
batch_7,93,1,0.1188811188811189,3,0.5944055944055945,1,0.6923076923076924
batch_7,94,6,-0.3076923076923077,5,0.2797202797202798,1,0.5804195804195805
batch_7,95,10,-0.23076923076923078,1,0.5524475524475525,2,0.44755244755244755
batch_7,96,8,0.2027972027972028,5,0.6573426573426573,2,0.6573426573426573
batch_7,97,12,-0.16783216783216784,4,0.5314685314685316,1,0.5944055944055945
batch_7,98,6,-0.1958041958041958,2,0.5454545454545455,3,0.5454545454545455
batch_7,99,8,-0.27272727272727276,2,0.7692307692307694,2,0.5314685314685316
batch_7,9,6,0.49650349650349657,1,0.7342657342657343,8,0.2027972027972028
batch_8,0,10,-0.17482517482517487,1,0.9090909090909092,2,0.7552447552447553
batch_8,100,7,0.3916083916083916,3,0.8321678321678322,2,0.4895104895104896
batch_8,101,11,0.2937062937062937,2,0.7202797202797203,1,0.5034965034965035
batch_8,102,3,0.5594405594405596,1,0.8881118881118882,1,0.7202797202797203
batch_8,103,3,0.9020979020979022,3,0.39860139860139865,2,0.09090909090909093
batch_8,104,4,0.6013986013986015,1,0.9230769230769231,2,0.7622377622377624
batch_8,105,5,0.3076923076923077,2,0.8391608391608393,3,0.9510489510489512
batch_8,106,2,0.7342657342657343,1,0.6363636363636365,2,0.4895104895104896
batch_8,107,1,-0.20979020979020982,1,0.8041958041958043,5,0.7552447552447553
batch_8,108,1,0.2657342657342658,2,0.5384615384615385,6,0.35664335664335667
batch_8,109,3,0.2027972027972028,1,0.31468531468531474,1,0.9230769230769231
batch_8,10,5,0.3216783216783217,1,0.7902097902097903,1,0.7972027972027973
batch_8,110,4,0.027972027972027972,3,0.8601398601398602,2,0.5454545454545455
batch_8,111,4,-0.2447552447552448,6,0.7062937062937064,1,0.8671328671328673
batch_8,112,1,0.1958041958041958,3,0.8251748251748254,2,0.2797202797202798
batch_8,113,9,0.4125874125874127,1,0.9090909090909092,5,0.034965034965034975
batch_8,114,4,0.4265734265734266,3,0.5244755244755246,3,0.09090909090909093
batch_8,115,1,0.7342657342657343,1,0.49650349650349657,10,-0.1958041958041958
batch_8,116,12,-0.1958041958041958,1,0.6013986013986015,8,0.5314685314685316
batch_8,117,1,0.5384615384615385,4,0.34965034965034975,4,0.5454545454545455
batch_8,118,5,0.27272727272727276,1,0.7902097902097903,10,0.3636363636363637
batch_8,119,3,0.06293706293706294,1,0.7902097902097903,9,0.18181818181818185
batch_8,11,5,-0.08391608391608392,1,0.7832167832167832,3,0.8041958041958043
batch_8,120,4,0.8881118881118882,1,0.5524475524475525,1,-0.04195804195804196
batch_8,121,2,-0.09090909090909093,1,0.5454545454545455,5,0.8321678321678322
batch_8,122,8,0.1188811188811189,5,0.8111888111888113,1,0.5384615384615385
batch_8,123,1,0.5664335664335665,5,0.49650349650349657,1,0.6713286713286714
batch_8,124,4,0.2657342657342658,4,0.44755244755244755,1,0.6503496503496504
batch_8,125,4,-0.10489510489510491,4,0.6713286713286714,1,0.8881118881118882
batch_8,126,2,0.09090909090909093,1,0.7552447552447553,4,0.8741258741258742
batch_8,127,9,0.0,1,0.5454545454545455,6,0.41958041958041964
batch_8,128,6,0.6363636363636365,1,0.8041958041958043,2,0.5804195804195805
batch_8,129,2,-0.4125874125874127,3,0.7272727272727274,3,0.7692307692307694
batch_8,12,1,0.6363636363636365,4,0.3356643356643357,1,0.9300699300699302
batch_8,130,4,0.7062937062937064,2,0.7062937062937064,5,0.5034965034965035
batch_8,131,7,-0.013986013986013986,4,0.5664335664335665,1,0.3636363636363637
batch_8,132,7,0.25874125874125875,7,0.06293706293706294,3,0.6993006993006995
batch_8,133,2,0.9440559440559443,4,0.2517482517482518,5,0.34965034965034975
batch_8,134,5,-0.04195804195804196,1,0.7552447552447553,2,0.7482517482517484
batch_8,135,2,0.2517482517482518,1,0.6153846153846154,7,0.6783216783216784
batch_8,136,10,0.2517482517482518,1,0.8181818181818183,2,0.6993006993006995
batch_8,137,5,0.2657342657342658,2,0.8391608391608393,5,0.5804195804195805
batch_8,138,11,0.04195804195804196,4,0.4895104895104896,1,0.6503496503496504
batch_8,139,12,-0.8461538461538463,1,0.44755244755244755,3,0.7342657342657343
batch_8,13,9,0.06993006993006995,1,0.6993006993006995,3,0.5804195804195805
batch_8,140,1,0.9370629370629372,4,0.0979020979020979,4,0.3356643356643357
batch_8,141,1,0.18181818181818185,2,0.9160839160839163,5,0.44055944055944063
batch_8,142,11,0.2797202797202798,1,0.8251748251748254,5,0.5804195804195805
batch_8,143,6,0.5244755244755246,1,0.20979020979020982,2,0.4825174825174825
batch_8,144,6,-0.3076923076923077,6,0.7272727272727274,1,0.5804195804195805
batch_8,145,3,0.11188811188811189,3,0.8251748251748254,1,0.5944055944055945
batch_8,146,10,-0.06293706293706294,2,0.5034965034965035,1,0.8251748251748254
batch_8,147,7,0.10489510489510491,1,0.7902097902097903,5,0.7692307692307694
batch_8,148,8,0.43356643356643365,2,0.8601398601398602,1,0.6573426573426573
batch_8,149,2,0.1958041958041958,6,0.6643356643356644,1,0.3706293706293707
batch_8,14,4,0.3706293706293707,1,0.7832167832167832,2,0.46153846153846156
batch_8,150,1,0.2027972027972028,5,0.5874125874125874,3,0.6993006993006995
batch_8,151,5,0.5454545454545455,2,0.6293706293706295,1,0.6083916083916086
batch_8,152,11,-0.3216783216783217,1,0.8181818181818183,2,0.8041958041958043
batch_8,153,2,0.5244755244755246,2,0.7062937062937064,9,-0.06993006993006995
batch_8,154,1,0.2377622377622378,2,0.7762237762237763,6,0.6153846153846154
batch_8,155,1,0.2867132867132868,7,0.4895104895104896,2,0.7202797202797203
batch_8,156,6,0.006993006993006993,6,0.8251748251748254,1,0.5174825174825175
batch_8,157,4,0.06293706293706294,3,0.5034965034965035,2,0.6713286713286714
batch_8,158,5,0.7342657342657343,1,0.3426573426573427,10,-0.2797202797202798
batch_8,159,5,0.27272727272727276,5,0.6573426573426573,1,0.46153846153846156
batch_8,15,8,0.3216783216783217,1,0.8041958041958043,1,0.31468531468531474
batch_8,160,8,-0.1258741258741259,1,0.7902097902097903,3,0.5524475524475525
batch_8,161,11,0.16083916083916086,3,0.7552447552447553,1,0.25874125874125875
batch_8,162,2,-0.20979020979020982,3,0.6153846153846154,2,0.6923076923076924
batch_8,163,12,0.07692307692307693,1,0.7482517482517484,3,0.7832167832167832
batch_8,164,1,-0.04895104895104895,1,0.5804195804195805,4,0.8181818181818183
batch_8,165,2,0.4755244755244756,1,0.4055944055944056,4,0.6923076923076924
batch_8,166,10,-0.31468531468531474,1,0.6853146853146854,3,0.8391608391608393
batch_8,167,2,0.6573426573426573,1,0.8041958041958043,3,0.4755244755244756
batch_8,168,11,0.2447552447552448,5,0.8531468531468532,1,0.5384615384615385
batch_8,169,6,-0.1258741258741259,2,0.7202797202797203,2,0.5594405594405596
batch_8,16,3,0.5034965034965035,3,0.5874125874125874,1,0.7692307692307694
batch_8,170,5,0.2027972027972028,5,0.4265734265734266,1,0.8041958041958043
batch_8,171,5,0.34965034965034975,1,0.6643356643356644,4,0.3846153846153847
batch_8,172,10,0.39860139860139865,1,0.6783216783216784,3,0.5734265734265735
batch_8,173,4,0.16083916083916086,2,0.7972027972027973,1,0.7062937062937064
batch_8,174,10,0.027972027972027972,1,0.7552447552447553,1,0.6853146853146854
batch_8,175,2,0.16083916083916086,1,0.5384615384615385,8,0.4055944055944056
batch_8,176,6,0.4825174825174825,2,0.8251748251748254,1,0.8461538461538463
batch_8,177,3,0.2517482517482518,2,0.6643356643356644,7,0.11188811188811189
batch_8,178,6,-0.04195804195804196,1,0.9020979020979022,1,0.8041958041958043
batch_8,179,5,-0.09090909090909093,1,0.21678321678321683,4,0.7832167832167832
batch_8,17,6,0.034965034965034975,2,0.5734265734265735,1,0.6713286713286714
batch_8,180,7,-0.1188811188811189,2,0.8531468531468532,2,0.6923076923076924
batch_8,181,9,0.14685314685314685,1,0.7482517482517484,2,0.7062937062937064
batch_8,182,2,-0.034965034965034975,2,0.6643356643356644,6,0.49650349650349657
batch_8,183,3,-0.10489510489510491,4,0.5524475524475525,1,0.6223776223776225
batch_8,184,8,-0.027972027972027972,8,0.4265734265734266,1,0.5244755244755246
batch_8,185,7,0.2797202797202798,2,0.6503496503496504,4,0.6363636363636365
batch_8,186,3,0.15384615384615385,1,0.4055944055944056,2,0.9160839160839163
batch_8,187,7,0.4125874125874127,5,0.49650349650349657,1,0.5174825174825175
batch_8,188,4,0.5664335664335665,1,0.8951048951048951,7,0.18881118881118883
batch_8,189,9,0.3076923076923077,4,0.7482517482517484,1,0.7202797202797203
batch_8,18,5,-0.34965034965034975,5,0.8461538461538463,1,0.7132867132867133
batch_8,190,5,0.3916083916083916,2,0.2797202797202798,4,0.44755244755244755
batch_8,191,7,0.4685314685314686,1,0.9440559440559443,3,0.5104895104895105
batch_8,192,4,0.2517482517482518,2,0.7342657342657343,1,0.6713286713286714
batch_8,193,4,-0.31468531468531474,1,0.9580419580419581,4,0.7832167832167832
batch_8,194,2,0.6783216783216784,1,0.8111888111888113,2,0.2657342657342658
batch_8,195,3,0.27272727272727276,1,0.8951048951048951,8,0.32867132867132864
batch_8,196,1,0.4685314685314686,3,0.5034965034965035,2,0.8251748251748254
batch_8,197,11,0.013986013986013986,6,0.6853146853146854,1,0.5944055944055945
batch_8,198,3,0.0979020979020979,1,0.5594405594405596,7,0.6083916083916086
batch_8,199,4,0.5804195804195805,2,0.8671328671328673,1,0.3636363636363637
batch_8,19,8,0.22377622377622378,1,0.6293706293706295,4,0.7412587412587414
batch_8,1,5,0.055944055944055944,2,0.5524475524475525,5,0.5664335664335665
batch_8,200,3,0.1258741258741259,1,0.7692307692307694,2,0.8041958041958043
batch_8,201,5,0.10489510489510491,3,0.7342657342657343,2,0.7832167832167832
batch_8,202,1,0.44755244755244755,2,0.2377622377622378,3,0.7202797202797203
batch_8,203,5,0.32867132867132864,4,0.7692307692307694,2,0.7482517482517484
batch_8,204,8,0.1258741258741259,1,0.6783216783216784,2,0.7482517482517484
batch_8,205,5,0.08391608391608392,3,0.7202797202797203,1,0.6573426573426573
batch_8,206,4,0.6223776223776225,3,-0.04895104895104895,1,0.7202797202797203
batch_8,207,5,0.1398601398601399,7,0.46153846153846156,1,0.8321678321678322
batch_8,208,1,0.7132867132867133,6,0.09090909090909093,3,0.06293706293706294
batch_8,209,7,0.18181818181818185,1,0.7272727272727274,2,0.5734265734265735
batch_8,20,2,0.9300699300699302,1,0.5104895104895105,3,0.6153846153846154
batch_8,210,11,-0.06293706293706294,2,0.8951048951048951,3,0.3636363636363637
batch_8,211,12,0.22377622377622378,2,0.5034965034965035,1,0.5524475524475525
batch_8,212,2,0.4825174825174825,1,0.9020979020979022,1,0.6223776223776225
batch_8,213,11,0.10489510489510491,1,0.4125874125874127,3,0.8601398601398602
batch_8,214,10,-0.02097902097902098,1,0.8881118881118882,8,0.44055944055944063
batch_8,215,6,-0.1188811188811189,2,0.8531468531468532,5,0.49650349650349657
batch_8,216,7,0.1328671328671329,5,0.034965034965034975,1,0.6853146853146854
batch_8,217,4,0.8671328671328673,2,-0.034965034965034975,7,-0.1398601398601399
batch_8,218,8,0.21678321678321683,3,0.6783216783216784,3,0.7412587412587414
batch_8,219,9,-0.02097902097902098,1,0.7692307692307694,10,-0.04195804195804196
batch_8,21,8,-0.04195804195804196,3,0.7972027972027973,1,0.44055944055944063
batch_8,220,4,0.7482517482517484,1,0.3636363636363637,2,0.39860139860139865
batch_8,221,7,-0.16783216783216784,2,0.7762237762237763,2,0.6923076923076924
batch_8,222,3,0.3356643356643357,2,0.6853146853146854,8,0.3706293706293707
batch_8,223,9,-0.5384615384615385,7,0.49650349650349657,1,0.49650349650349657
batch_8,224,1,0.6783216783216784,5,0.6643356643356644,1,0.5314685314685316
batch_8,225,6,0.3356643356643357,4,0.6013986013986015,1,0.7412587412587414
batch_8,226,4,-0.17482517482517487,1,0.6153846153846154,2,0.8181818181818183
batch_8,227,5,-0.02097902097902098,1,0.8111888111888113,1,0.6853146853146854
batch_8,228,10,-0.35664335664335667,2,0.7342657342657343,1,0.6293706293706295
batch_8,229,1,0.006993006993006993,5,0.6923076923076924,1,0.6153846153846154
batch_8,22,6,-0.16083916083916086,4,0.5314685314685316,2,0.7622377622377624
batch_8,230,3,0.08391608391608392,1,0.6643356643356644,1,0.6783216783216784
batch_8,231,11,0.006993006993006993,1,0.6993006993006995,2,0.7762237762237763
batch_8,232,11,-0.35664335664335667,1,0.8531468531468532,3,0.5944055944055945
batch_8,233,6,0.02097902097902098,2,0.8531468531468532,2,0.2447552447552448
batch_8,234,7,-0.41958041958041964,1,0.7552447552447553,4,0.6783216783216784
batch_8,235,4,0.18181818181818185,1,0.7202797202797203,5,0.4895104895104896
batch_8,236,8,-0.18181818181818185,4,0.7272727272727274,2,0.7412587412587414
batch_8,237,6,0.30069930069930073,6,0.6923076923076924,3,-0.04895104895104895
batch_8,238,9,0.22377622377622378,1,0.8251748251748254,5,0.6153846153846154
batch_8,239,9,-0.6853146853146854,3,0.8251748251748254,1,0.8601398601398602
batch_8,23,4,-0.013986013986013986,2,0.7972027972027973,1,0.8181818181818183
batch_8,240,2,0.39860139860139865,1,0.5944055944055945,1,0.8321678321678322
batch_8,241,1,0.6013986013986015,2,0.5944055944055945,2,0.7342657342657343
batch_8,242,4,-0.41958041958041964,6,0.8181818181818183,2,0.1398601398601399
batch_8,243,3,0.5454545454545455,2,0.5874125874125874,1,0.7902097902097903
batch_8,244,7,0.055944055944055944,1,0.8601398601398602,3,0.8741258741258742
batch_8,245,2,0.07692307692307693,4,0.7552447552447553,4,0.6293706293706295
batch_8,246,9,0.2867132867132868,3,0.7272727272727274,2,0.6433566433566434
batch_8,247,4,-0.25874125874125875,2,0.7692307692307694,2,0.7902097902097903
batch_8,248,2,0.17482517482517487,1,0.5034965034965035,3,0.16083916083916086
batch_8,249,10,0.0,1,0.6993006993006995,6,0.5664335664335665
batch_8,24,1,0.8321678321678322,7,0.5594405594405596,1,0.5804195804195805
batch_8,25,7,-0.6153846153846154,2,0.9090909090909092,6,0.2797202797202798
batch_8,26,6,-0.3916083916083916,3,0.5104895104895105,2,0.41958041958041964
batch_8,27,2,0.0979020979020979,1,0.5594405594405596,2,0.7132867132867133
batch_8,28,5,0.3636363636363637,1,0.49650349650349657,6,0.5174825174825175
batch_8,29,5,0.3216783216783217,5,0.7062937062937064,1,0.6923076923076924
batch_8,2,10,-0.1188811188811189,6,0.7342657342657343,1,0.6783216783216784
batch_8,30,5,0.6643356643356644,1,0.6783216783216784,1,0.37762237762237766
batch_8,31,2,-0.2937062937062937,1,0.6083916083916086,8,0.44755244755244755
batch_8,32,5,0.013986013986013986,3,0.7062937062937064,4,0.4685314685314686
batch_8,33,6,0.44755244755244755,2,0.5664335664335665,1,0.8671328671328673
batch_8,34,3,-0.06293706293706294,5,0.5944055944055945,1,0.8181818181818183
batch_8,35,1,0.41958041958041964,7,0.7272727272727274,1,0.4125874125874127
batch_8,36,10,0.3426573426573427,1,0.8181818181818183,2,0.7832167832167832
batch_8,37,2,0.06293706293706294,2,0.6923076923076924,2,0.4265734265734266
batch_8,38,3,0.4685314685314686,7,0.1958041958041958,6,0.7202797202797203
batch_8,39,7,-0.027972027972027972,2,0.7062937062937064,5,0.1958041958041958
batch_8,3,7,0.16083916083916086,2,0.8811188811188813,1,0.39860139860139865
batch_8,40,9,-0.39860139860139865,1,0.9090909090909092,3,0.6293706293706295
batch_8,41,8,-0.18181818181818185,4,0.4685314685314686,2,0.8531468531468532
batch_8,42,2,0.4545454545454546,1,0.9510489510489512,12,-0.1188811188811189
batch_8,43,7,0.2027972027972028,4,0.44755244755244755,3,0.8811188811188813
batch_8,44,5,-0.0979020979020979,1,0.5734265734265735,5,0.6293706293706295
batch_8,45,7,-0.5734265734265735,2,0.7412587412587414,2,0.5874125874125874
batch_8,46,3,0.32867132867132864,1,0.6293706293706295,6,0.6993006993006995
batch_8,47,5,0.6853146853146854,2,0.8391608391608393,8,0.3076923076923077
batch_8,48,3,0.3076923076923077,1,0.2447552447552448,1,0.7622377622377624
batch_8,49,2,0.35664335664335667,1,0.5244755244755246,4,0.7972027972027973
batch_8,4,8,0.3216783216783217,1,0.8881118881118882,4,0.6783216783216784
batch_8,50,1,0.7132867132867133,2,0.7202797202797203,3,0.7972027972027973
batch_8,51,7,0.5734265734265735,1,0.6643356643356644,4,0.8041958041958043
batch_8,52,12,-0.013986013986013986,3,0.7062937062937064,2,0.8111888111888113
batch_8,53,3,0.8881118881118882,5,0.11188811188811189,4,0.22377622377622378
batch_8,54,4,0.06993006993006995,1,0.7342657342657343,3,0.6503496503496504
batch_8,55,4,0.5314685314685316,3,0.8181818181818183,1,0.46153846153846156
batch_8,56,1,0.7482517482517484,1,0.7062937062937064,4,-0.1258741258741259
batch_8,57,9,0.2027972027972028,1,0.2867132867132868,6,0.7972027972027973
batch_8,58,1,0.6363636363636365,3,0.46153846153846156,2,0.44055944055944063
batch_8,59,10,0.1258741258741259,2,0.6993006993006995,7,0.5314685314685316
batch_8,5,4,0.0979020979020979,1,0.965034965034965,6,-0.5944055944055945
batch_8,60,5,0.006993006993006993,1,0.8461538461538463,1,0.5664335664335665
batch_8,61,7,0.46153846153846156,1,0.5314685314685316,3,0.7692307692307694
batch_8,62,6,-0.3706293706293707,7,0.5314685314685316,1,0.5034965034965035
batch_8,63,1,0.17482517482517487,10,0.37762237762237766,1,0.7902097902097903
batch_8,64,6,0.7062937062937064,2,0.6713286713286714,2,0.6433566433566434
batch_8,65,4,0.5034965034965035,1,0.49650349650349657,3,0.5314685314685316
batch_8,66,2,0.7412587412587414,6,0.6713286713286714,2,0.5034965034965035
batch_8,67,5,0.3706293706293707,1,0.32867132867132864,4,0.7832167832167832
batch_8,68,11,-0.49650349650349657,1,0.8461538461538463,2,0.7132867132867133
batch_8,69,1,0.1188811188811189,2,0.9230769230769231,2,0.44755244755244755
batch_8,6,3,0.10489510489510491,2,0.7622377622377624,2,0.7482517482517484
batch_8,70,6,0.23076923076923078,2,0.5454545454545455,1,0.6013986013986015
batch_8,71,10,-0.5594405594405596,1,0.7762237762237763,7,0.5734265734265735
batch_8,72,2,0.39860139860139865,1,0.8811188811188813,2,0.7202797202797203
batch_8,73,9,-0.06293706293706294,9,0.5034965034965035,1,0.4265734265734266
batch_8,74,8,-0.4265734265734266,1,0.7972027972027973,5,0.7972027972027973
batch_8,75,5,0.2797202797202798,2,0.7692307692307694,1,0.7202797202797203
batch_8,76,3,0.06293706293706294,1,0.8531468531468532,2,0.8461538461538463
batch_8,77,2,0.5664335664335665,1,0.4125874125874127,7,0.6083916083916086
batch_8,78,6,0.7482517482517484,9,0.5384615384615385,1,0.10489510489510491
batch_8,79,2,0.6503496503496504,1,0.7972027972027973,3,0.2447552447552448
batch_8,7,6,0.3916083916083916,3,0.7482517482517484,3,0.5874125874125874
batch_8,80,3,0.7342657342657343,1,0.7132867132867133,9,0.0
batch_8,81,8,0.09090909090909093,2,0.5594405594405596,4,0.5944055944055945
batch_8,82,4,0.6013986013986015,2,0.39860139860139865,4,0.8881118881118882
batch_8,83,4,0.3636363636363637,1,0.5804195804195805,5,0.30069930069930073
batch_8,84,2,0.4055944055944056,1,0.34965034965034975,5,0.7062937062937064
batch_8,85,9,-0.31468531468531474,1,0.7342657342657343,2,0.7692307692307694
batch_8,86,9,0.2937062937062937,2,0.4545454545454546,1,0.6153846153846154
batch_8,87,3,0.4755244755244756,2,0.8181818181818183,4,0.4755244755244756
batch_8,88,4,0.4055944055944056,2,0.5244755244755246,1,0.8041958041958043
batch_8,89,5,0.8111888111888113,1,0.6503496503496504,4,0.3846153846153847
batch_8,8,7,0.7412587412587414,2,0.7832167832167832,2,0.22377622377622378
batch_8,90,7,0.21678321678321683,1,0.6853146853146854,12,0.1958041958041958
batch_8,91,9,0.4825174825174825,3,0.46153846153846156,2,0.44055944055944063
batch_8,92,12,0.23076923076923078,1,0.7692307692307694,8,0.2517482517482518
batch_8,93,4,-0.1398601398601399,5,0.6083916083916086,1,0.2797202797202798
batch_8,94,8,-0.027972027972027972,4,0.2867132867132868,5,0.7202797202797203
batch_8,95,3,-0.02097902097902098,1,0.8531468531468532,5,0.44055944055944063
batch_8,96,10,-0.027972027972027972,1,0.8111888111888113,2,0.7062937062937064
batch_8,97,11,-0.49650349650349657,3,0.8461538461538463,1,0.30069930069930073
batch_8,98,7,-0.44755244755244755,4,0.5454545454545455,2,0.43356643356643365
batch_8,99,9,-0.4755244755244756,7,0.5174825174825175,4,0.3636363636363637
batch_8,9,6,-0.02097902097902098,2,0.7272727272727274,3,0.8531468531468532
batch_9,0,5,-0.055944055944055944,4,0.7762237762237763,1,0.41958041958041964
batch_9,100,10,-0.1398601398601399,1,0.8531468531468532,2,0.5384615384615385
batch_9,101,6,0.8041958041958043,2,0.5524475524475525,1,0.7832167832167832
batch_9,102,11,-0.11188811188811189,4,0.7062937062937064,1,0.6363636363636365
batch_9,103,10,-0.32867132867132864,1,0.5174825174825175,2,0.8741258741258742
batch_9,104,3,0.6573426573426573,2,0.5944055944055945,3,0.6153846153846154
batch_9,105,7,0.3706293706293707,2,0.9160839160839163,6,0.2797202797202798
batch_9,106,2,0.8531468531468532,1,0.4265734265734266,4,0.4825174825174825
batch_9,107,2,-0.34965034965034975,1,0.6223776223776225,2,0.6783216783216784
batch_9,108,9,0.10489510489510491,1,0.7482517482517484,6,0.3076923076923077
batch_9,109,6,0.09090909090909093,2,0.8181818181818183,1,0.8181818181818183
batch_9,10,4,0.4265734265734266,1,0.6223776223776225,5,0.6783216783216784
batch_9,110,7,0.35664335664335667,6,0.6153846153846154,1,0.20979020979020982
batch_9,111,9,-0.5174825174825175,3,0.7202797202797203,2,0.6573426573426573
batch_9,112,2,0.2027972027972028,1,0.7692307692307694,4,0.6153846153846154
batch_9,113,4,-0.20979020979020982,3,0.6853146853146854,3,0.4265734265734266
batch_9,114,4,0.2797202797202798,3,0.21678321678321683,6,0.4825174825174825
batch_9,115,1,0.31468531468531474,1,0.9160839160839163,3,0.8321678321678322
batch_9,116,1,0.8111888111888113,6,0.27272727272727276,4,0.7132867132867133
batch_9,117,1,0.8041958041958043,1,0.04895104895104895,2,0.5174825174825175
batch_9,118,8,0.02097902097902098,4,0.6363636363636365,1,0.5104895104895105
batch_9,119,4,-0.30069930069930073,1,0.8741258741258742,8,0.5524475524475525
batch_9,11,9,-0.06993006993006995,1,0.6643356643356644,4,0.6783216783216784
batch_9,120,3,0.4755244755244756,3,0.43356643356643365,3,0.5104895104895105
batch_9,121,6,-0.04195804195804196,1,0.5944055944055945,9,0.39860139860139865
batch_9,122,4,0.25874125874125875,1,0.6923076923076924,1,0.4685314685314686
batch_9,123,4,-0.2377622377622378,5,0.6713286713286714,5,0.4125874125874127
batch_9,124,6,0.0979020979020979,1,0.7902097902097903,1,0.7692307692307694
batch_9,125,2,0.5804195804195805,2,0.6643356643356644,3,0.8391608391608393
batch_9,126,12,-0.04195804195804196,5,0.6993006993006995,1,0.44055944055944063
batch_9,127,1,0.27272727272727276,2,0.7832167832167832,2,0.6363636363636365
batch_9,128,5,0.8111888111888113,6,0.7062937062937064,1,0.39860139860139865
batch_9,129,2,0.2377622377622378,2,0.5384615384615385,3,0.5874125874125874
batch_9,12,1,0.09090909090909093,2,0.8321678321678322,3,0.4055944055944056
batch_9,130,5,0.5384615384615385,1,0.9300699300699302,4,0.1958041958041958
batch_9,131,3,0.46153846153846156,3,0.6293706293706295,1,0.7622377622377624
batch_9,132,3,0.10489510489510491,2,0.3846153846153847,1,0.5174825174825175
batch_9,133,9,0.1188811188811189,4,0.7132867132867133,3,0.43356643356643365
batch_9,134,2,0.6153846153846154,2,0.5454545454545455,10,-0.1188811188811189
batch_9,135,2,0.6363636363636365,1,0.7482517482517484,4,0.6643356643356644
batch_9,136,5,-0.1258741258741259,1,0.7762237762237763,2,0.8951048951048951
batch_9,137,6,0.2797202797202798,2,0.6643356643356644,6,0.5174825174825175
batch_9,138,10,0.2447552447552448,1,0.7622377622377624,6,0.5454545454545455
batch_9,139,5,-0.18881118881118883,2,0.6293706293706295,4,0.5244755244755246
batch_9,13,6,0.5524475524475525,2,0.22377622377622378,3,0.7412587412587414
batch_9,140,3,0.8111888111888113,1,0.6153846153846154,6,0.15384615384615385
batch_9,141,1,0.7202797202797203,2,0.6503496503496504,5,0.6363636363636365
batch_9,142,6,-0.16783216783216784,1,0.6503496503496504,5,0.4545454545454546
batch_9,143,3,0.5664335664335665,1,0.6013986013986015,10,0.17482517482517487
batch_9,144,6,0.4125874125874127,1,0.7692307692307694,1,0.7342657342657343
batch_9,145,1,0.6433566433566434,3,0.49650349650349657,1,0.7622377622377624
batch_9,146,4,0.2797202797202798,1,0.6643356643356644,5,0.8041958041958043
batch_9,147,6,0.22377622377622378,1,0.20979020979020982,3,0.7832167832167832
batch_9,148,12,0.3356643356643357,1,0.7552447552447553,2,0.7342657342657343
batch_9,149,4,0.2937062937062937,1,0.7762237762237763,2,0.6363636363636365
batch_9,14,3,0.25874125874125875,3,0.7062937062937064,2,0.5174825174825175
batch_9,150,9,-0.23076923076923078,1,0.7552447552447553,6,0.6993006993006995
batch_9,151,12,-0.027972027972027972,1,0.6433566433566434,8,0.7062937062937064
batch_9,152,11,-0.6573426573426573,2,0.8181818181818183,2,0.6433566433566434
batch_9,153,2,0.2867132867132868,1,0.7622377622377624,4,0.7132867132867133
batch_9,154,5,-0.06293706293706294,5,0.6993006993006995,1,0.8461538461538463
batch_9,155,5,0.5454545454545455,3,0.7622377622377624,1,0.9020979020979022
batch_9,156,4,0.11188811188811189,1,0.6643356643356644,2,0.8601398601398602
batch_9,157,1,0.4125874125874127,3,0.7132867132867133,3,0.7692307692307694
batch_9,158,12,0.22377622377622378,1,0.9020979020979022,3,0.7202797202797203
batch_9,159,7,-0.43356643356643365,2,0.8531468531468532,2,0.4895104895104896
batch_9,15,4,0.4755244755244756,2,0.4265734265734266,1,0.6713286713286714
batch_9,160,3,0.3076923076923077,2,0.8391608391608393,1,0.5314685314685316
batch_9,161,4,-0.16783216783216784,6,0.18181818181818185,2,0.6713286713286714
batch_9,162,7,-0.09090909090909093,1,0.7202797202797203,2,0.8111888111888113
batch_9,163,4,0.5244755244755246,2,0.7202797202797203,2,0.4545454545454546
batch_9,164,10,0.04895104895104895,1,0.6223776223776225,2,0.8601398601398602
batch_9,165,2,-0.3426573426573427,8,0.6643356643356644,1,0.6643356643356644
batch_9,166,10,0.09090909090909093,1,0.8461538461538463,1,0.7832167832167832
batch_9,167,1,0.4755244755244756,5,0.8251748251748254,1,0.8531468531468532
batch_9,168,5,0.5734265734265735,1,0.5174825174825175,4,0.6013986013986015
batch_9,169,6,-0.3076923076923077,2,0.7552447552447553,1,0.6993006993006995
batch_9,16,2,0.21678321678321683,1,0.5944055944055945,3,0.6083916083916086
batch_9,170,6,-0.31468531468531474,1,0.7272727272727274,3,0.7762237762237763
batch_9,171,8,0.14685314685314685,1,0.6993006993006995,8,0.06993006993006995
batch_9,172,4,-0.4055944055944056,3,0.6503496503496504,2,0.6223776223776225
batch_9,173,2,0.44055944055944063,1,0.5454545454545455,7,0.6993006993006995
batch_9,174,10,-0.04895104895104895,1,0.8111888111888113,3,0.6713286713286714
batch_9,175,2,0.8111888111888113,4,0.22377622377622378,10,-0.04895104895104895
batch_9,176,2,0.6713286713286714,1,0.3636363636363637,3,0.7622377622377624
batch_9,177,9,-0.2027972027972028,6,0.6293706293706295,1,0.5734265734265735
batch_9,178,7,-0.10489510489510491,1,0.7762237762237763,4,0.5524475524475525
batch_9,179,10,-0.18181818181818185,4,0.7342657342657343,3,-0.10489510489510491
batch_9,17,8,0.23076923076923078,1,0.7902097902097903,5,0.5664335664335665
batch_9,180,3,0.5384615384615385,2,0.6643356643356644,4,0.7622377622377624
batch_9,181,2,0.7132867132867133,3,0.6223776223776225,1,0.9020979020979022
batch_9,182,11,0.25874125874125875,1,0.9090909090909092,3,0.21678321678321683
batch_9,183,4,0.04895104895104895,1,0.7272727272727274,5,0.6853146853146854
batch_9,184,4,0.1188811188811189,1,0.5384615384615385,7,0.6503496503496504
batch_9,185,3,0.7972027972027973,3,0.46153846153846156,5,0.09090909090909093
batch_9,186,9,-0.055944055944055944,3,0.5664335664335665,4,0.37762237762237766
batch_9,187,3,0.5034965034965035,6,0.5664335664335665,1,0.055944055944055944
batch_9,188,4,0.5034965034965035,5,0.44755244755244755,3,0.6573426573426573
batch_9,189,1,0.6433566433566434,3,0.31468531468531474,1,0.3356643356643357
batch_9,18,11,-0.2517482517482518,4,0.7622377622377624,1,0.4895104895104896
batch_9,190,5,0.32867132867132864,3,0.6293706293706295,4,0.2377622377622378
batch_9,191,8,-0.4685314685314686,1,0.6573426573426573,2,0.7622377622377624
batch_9,192,7,-0.034965034965034975,3,0.8251748251748254,2,0.6713286713286714
batch_9,193,11,-0.5874125874125874,2,0.7832167832167832,4,0.6993006993006995
batch_9,194,5,0.3426573426573427,2,0.8181818181818183,1,0.7412587412587414
batch_9,195,1,0.6013986013986015,2,0.7902097902097903,3,0.6433566433566434
batch_9,196,4,-0.02097902097902098,2,0.7132867132867133,2,0.6993006993006995
batch_9,197,3,0.6083916083916086,1,0.7832167832167832,4,0.7692307692307694
batch_9,198,5,0.5244755244755246,9,0.5804195804195805,1,0.04195804195804196
batch_9,199,12,-0.3636363636363637,1,0.6713286713286714,2,0.7832167832167832
batch_9,19,7,-0.1328671328671329,1,0.30069930069930073,3,0.8181818181818183
batch_9,1,2,0.7902097902097903,6,-0.06293706293706294,5,0.11188811188811189
batch_9,200,11,-0.4825174825174825,1,0.8391608391608393,1,0.6503496503496504
batch_9,201,5,0.14685314685314685,1,0.35664335664335667,10,0.41958041958041964
batch_9,202,12,-0.6783216783216784,3,0.6713286713286714,1,0.7342657342657343
batch_9,203,8,-0.10489510489510491,1,0.7552447552447553,6,0.6993006993006995
batch_9,204,9,-0.2447552447552448,6,0.7552447552447553,1,0.5734265734265735
batch_9,205,7,0.027972027972027972,3,0.8251748251748254,2,0.5384615384615385
batch_9,206,11,-0.22377622377622378,1,0.8741258741258742,5,0.2867132867132868
batch_9,207,12,-0.5244755244755246,2,0.7692307692307694,4,0.6993006993006995
batch_9,208,4,0.2867132867132868,4,0.4545454545454546,1,0.4825174825174825
batch_9,209,6,-0.1328671328671329,1,0.8531468531468532,7,0.6083916083916086
batch_9,20,1,0.0,1,0.7762237762237763,1,0.7692307692307694
batch_9,210,3,0.4825174825174825,4,0.4545454545454546,2,0.4685314685314686
batch_9,211,5,0.2377622377622378,2,0.3426573426573427,1,0.8811188811188813
batch_9,212,5,-0.034965034965034975,4,0.7832167832167832,1,0.5524475524475525
batch_9,213,5,-0.07692307692307693,1,0.6993006993006995,9,0.5454545454545455
batch_9,214,8,-0.4755244755244756,1,0.8111888111888113,4,0.49650349650349657
batch_9,215,4,0.6223776223776225,1,0.6993006993006995,2,0.5314685314685316
batch_9,216,5,0.5594405594405596,1,0.8391608391608393,1,0.7552447552447553
batch_9,217,6,0.1958041958041958,3,0.8811188811188813,3,0.43356643356643365
batch_9,218,1,0.3636363636363637,1,0.7272727272727274,5,0.6433566433566434
batch_9,219,7,0.1398601398601399,1,0.7552447552447553,2,0.7832167832167832
batch_9,21,10,-0.14685314685314685,3,0.7832167832167832,1,0.7552447552447553
batch_9,220,8,-0.22377622377622378,1,0.9230769230769231,2,0.5174825174825175
batch_9,221,7,0.3426573426573427,2,0.6783216783216784,2,0.7832167832167832
batch_9,222,1,0.2797202797202798,1,0.7622377622377624,1,0.8321678321678322
batch_9,223,3,-0.10489510489510491,1,0.8461538461538463,1,0.6083916083916086
batch_9,224,5,0.5594405594405596,1,0.41958041958041964,10,0.27272727272727276
batch_9,225,6,0.1958041958041958,2,0.9370629370629372,2,0.9090909090909092
batch_9,226,9,0.30069930069930073,1,0.6713286713286714,1,0.8391608391608393
batch_9,227,3,0.15384615384615385,2,0.6993006993006995,3,0.8671328671328673
batch_9,228,9,-0.06993006993006995,1,0.6993006993006995,4,0.7202797202797203
batch_9,229,11,-0.25874125874125875,1,0.8111888111888113,1,0.8951048951048951
batch_9,22,1,0.8181818181818183,3,0.18881118881118883,1,0.6923076923076924
batch_9,230,2,0.02097902097902098,2,0.8041958041958043,5,0.7342657342657343
batch_9,231,5,0.39860139860139865,4,0.41958041958041964,2,0.7622377622377624
batch_9,232,8,-0.027972027972027972,4,0.7832167832167832,1,-0.06293706293706294
batch_9,233,3,0.6083916083916086,1,0.8111888111888113,6,0.6503496503496504
batch_9,234,6,-0.10489510489510491,5,0.5944055944055945,1,0.6223776223776225
batch_9,235,4,-0.21678321678321683,5,0.6713286713286714,1,0.7622377622377624
batch_9,236,6,-0.1258741258741259,4,0.6783216783216784,3,0.7342657342657343
batch_9,237,9,-0.2447552447552448,6,0.6433566433566434,2,0.7202797202797203
batch_9,238,1,0.7692307692307694,3,0.7972027972027973,1,0.6923076923076924
batch_9,239,10,0.2657342657342658,5,0.8601398601398602,1,0.8811188811188813
batch_9,23,11,-0.1398601398601399,2,0.5944055944055945,2,0.6223776223776225
batch_9,240,6,-0.3426573426573427,1,0.7482517482517484,8,0.44755244755244755
batch_9,241,7,-0.18181818181818185,4,0.6363636363636365,4,0.4685314685314686
batch_9,242,11,-0.32867132867132864,1,0.7552447552447553,2,0.6083916083916086
batch_9,243,12,-0.07692307692307693,1,0.6853146853146854,4,0.7552447552447553
batch_9,244,1,0.8041958041958043,2,0.7832167832167832,7,-0.16783216783216784
batch_9,245,3,0.34965034965034975,2,0.7482517482517484,2,0.6783216783216784
batch_9,246,6,0.1398601398601399,1,0.7762237762237763,5,0.7482517482517484
batch_9,247,1,0.5104895104895105,4,0.5874125874125874,1,0.7972027972027973
batch_9,248,4,0.6853146853146854,2,0.6013986013986015,5,0.2937062937062937
batch_9,249,4,0.9300699300699302,2,0.2657342657342658,2,0.16083916083916086
batch_9,24,1,0.43356643356643365,4,0.7202797202797203,2,0.6503496503496504
batch_9,25,6,0.3076923076923077,1,0.9020979020979022,10,0.09457107322567676
batch_9,26,6,-0.0979020979020979,7,0.15384615384615385,3,0.6363636363636365
batch_9,27,7,0.35664335664335667,2,0.8741258741258742,3,0.8181818181818183
batch_9,28,3,0.4755244755244756,1,0.8041958041958043,1,0.4545454545454546
batch_9,29,4,0.1398601398601399,1,0.5944055944055945,3,0.8321678321678322
batch_9,2,4,0.7132867132867133,2,0.46153846153846156,3,0.7132867132867133
batch_9,30,3,0.41958041958041964,2,0.6923076923076924,6,0.31468531468531474
batch_9,31,8,-0.3216783216783217,3,0.8041958041958043,5,0.2797202797202798
batch_9,32,9,-0.2797202797202798,1,0.8741258741258742,2,0.7762237762237763
batch_9,33,7,0.09090909090909093,3,0.5874125874125874,3,0.7552447552447553
batch_9,34,6,0.4265734265734266,1,0.5594405594405596,11,-0.06993006993006995
batch_9,35,5,0.034965034965034975,2,0.9510489510489512,1,0.22377622377622378
batch_9,36,2,0.4125874125874127,9,0.4545454545454546,1,0.14685314685314685
batch_9,37,3,0.4265734265734266,2,0.7482517482517484,3,0.5734265734265735
batch_9,38,7,-0.17482517482517487,2,0.6713286713286714,1,0.49650349650349657
batch_9,39,4,0.4125874125874127,3,0.9090909090909092,2,0.2447552447552448
batch_9,3,2,0.46153846153846156,1,0.6853146853146854,4,0.6433566433566434
batch_9,40,2,0.5034965034965035,1,0.4825174825174825,2,0.4265734265734266
batch_9,41,3,0.25874125874125875,1,0.7692307692307694,5,0.5174825174825175
batch_9,42,10,0.10489510489510491,1,0.6293706293706295,10,0.2867132867132868
batch_9,43,5,0.07692307692307693,2,0.8181818181818183,2,0.7062937062937064
batch_9,44,10,-0.22377622377622378,1,0.5034965034965035,7,0.7202797202797203
batch_9,45,7,0.09090909090909093,2,0.4685314685314686,6,0.4545454545454546
batch_9,46,7,0.27272727272727276,4,0.5244755244755246,5,0.5314685314685316
batch_9,47,12,-0.1958041958041958,1,0.5874125874125874,2,0.8881118881118882
batch_9,48,7,0.18181818181818185,1,0.8461538461538463,4,0.5734265734265735
batch_9,49,1,0.35664335664335667,1,0.8321678321678322,7,0.5734265734265735
batch_9,4,1,0.49650349650349657,4,0.5664335664335665,1,0.5594405594405596
batch_9,50,3,0.8531468531468532,4,0.04895104895104895,2,0.4265734265734266
batch_9,51,6,0.02097902097902098,3,0.7832167832167832,1,0.7412587412587414
batch_9,52,1,0.7202797202797203,5,0.14685314685314685,3,0.8041958041958043
batch_9,53,9,-0.1188811188811189,1,0.9020979020979022,3,0.8251748251748254
batch_9,54,5,0.10489510489510491,2,0.6713286713286714,1,0.6923076923076924
batch_9,55,11,0.11188811188811189,1,0.8601398601398602,3,0.6853146853146854
batch_9,56,4,0.6503496503496504,4,-0.2447552447552448,2,0.8111888111888113
batch_9,57,1,0.4685314685314686,1,0.8811188811188813,3,0.6713286713286714
batch_9,58,4,-0.18881118881118883,3,0.6923076923076924,3,0.6923076923076924
batch_9,59,7,0.04195804195804196,6,0.7972027972027973,1,0.43356643356643365
batch_9,5,3,0.41958041958041964,3,0.6713286713286714,2,0.6433566433566434
batch_9,60,11,-0.25874125874125875,1,0.4055944055944056,4,0.6363636363636365
batch_9,61,5,0.2377622377622378,2,0.5104895104895105,4,0.7272727272727274
batch_9,62,8,-0.4755244755244756,2,0.4755244755244756,3,0.5524475524475525
batch_9,63,5,0.7062937062937064,1,0.5804195804195805,1,0.6363636363636365
batch_9,64,1,0.5244755244755246,3,0.5804195804195805,3,0.44755244755244755
batch_9,65,4,0.2447552447552448,1,0.7062937062937064,5,0.6083916083916086
batch_9,66,4,0.2447552447552448,6,0.5244755244755246,5,0.4685314685314686
batch_9,67,7,0.4755244755244756,1,0.5874125874125874,1,0.5314685314685316
batch_9,68,8,0.34965034965034975,2,0.6923076923076924,4,0.5384615384615385
batch_9,69,11,-0.31468531468531474,1,0.9230769230769231,9,0.25874125874125875
batch_9,6,3,0.25874125874125875,1,0.6573426573426573,1,0.6923076923076924
batch_9,70,8,-0.06293706293706294,4,0.7132867132867133,2,0.6993006993006995
batch_9,71,4,0.1398601398601399,1,0.5314685314685316,1,0.4545454545454546
batch_9,72,2,0.006993006993006993,1,0.8041958041958043,8,0.30069930069930073
batch_9,73,4,-0.06293706293706294,2,0.6853146853146854,1,0.5384615384615385
batch_9,74,2,0.14685314685314685,3,0.8321678321678322,3,0.8321678321678322
batch_9,75,12,-0.4895104895104896,7,0.7132867132867133,1,0.5944055944055945
batch_9,76,2,0.8461538461538463,6,0.30069930069930073,2,0.0
batch_9,77,2,0.5034965034965035,1,0.8041958041958043,1,0.8041958041958043
batch_9,78,1,0.31468531468531474,3,0.6363636363636365,2,0.3846153846153847
batch_9,79,10,-0.034965034965034975,2,0.7342657342657343,1,0.7832167832167832
batch_9,7,10,0.21678321678321683,5,0.32867132867132864,1,0.6993006993006995
batch_9,80,12,-0.3076923076923077,1,0.6363636363636365,2,0.7482517482517484
batch_9,81,5,0.43356643356643365,4,0.7552447552447553,3,0.7062937062937064
batch_9,82,6,0.10489510489510491,3,0.9020979020979022,1,0.37762237762237766
batch_9,83,1,0.39860139860139865,1,0.7622377622377624,5,0.5734265734265735
batch_9,84,12,-0.4895104895104896,1,0.7902097902097903,6,0.41958041958041964
batch_9,85,1,0.35664335664335667,1,0.8601398601398602,10,-0.37762237762237766
batch_9,86,1,0.8321678321678322,9,-0.1398601398601399,6,0.02097902097902098
batch_9,87,9,-0.5874125874125874,1,0.8671328671328673,9,0.32867132867132864
batch_9,88,8,-0.2447552447552448,2,0.8321678321678322,5,0.5384615384615385
batch_9,89,8,-0.5454545454545455,2,0.7832167832167832,2,0.6643356643356644
batch_9,8,12,-0.07692307692307693,2,0.7202797202797203,1,0.9020979020979022
batch_9,90,3,-0.06993006993006995,1,0.8601398601398602,2,0.5244755244755246
batch_9,91,8,0.2517482517482518,1,0.7832167832167832,5,0.8881118881118882
batch_9,92,11,-0.4125874125874127,2,0.8251748251748254,1,0.7622377622377624
batch_9,93,10,-0.15384615384615385,2,0.7062937062937064,3,0.6293706293706295
batch_9,94,2,0.2657342657342658,1,0.5384615384615385,5,0.7972027972027973
batch_9,95,6,-0.2377622377622378,1,0.6293706293706295,1,0.6643356643356644
batch_9,96,3,0.08391608391608392,1,0.7482517482517484,7,0.7202797202797203
batch_9,97,6,0.27272727272727276,1,0.8321678321678322,7,0.5244755244755246
batch_9,98,6,-0.2937062937062937,1,0.7342657342657343,7,0.2377622377622378
batch_9,99,2,0.14685314685314685,4,0.8181818181818183,1,0.3076923076923077
batch_9,9,10,0.055944055944055944,6,0.46153846153846156,1,0.2867132867132868
